STATION_NAME,ID,LOCAL_DATE,LOCAL_YEAR,LOCAL_MONTH,LOCAL_DAY,MIN_TEMPERATURE,MAX_TEMPERATURE,MEAN_TEMPERATURE,MEAN_TEMPERATURE_YESTERDAY,MIN_REL_HUMIDITY,MAX_REL_HUMIDITY,MEAN_REL_HUMIDITY,TOTAL_PRECIPITATION,TOTAL_PRECIPITATION_YESTERDAY
COLLINGWOOD,6111792.2021.7.2,7/2/2021,2021,7,2,15.7,21.2,18.4,17.9,55,96,75.5,6.4,0
COLLINGWOOD,6111792.2021.7.3,7/3/2021,2021,7,3,13.6,21.9,17.8,18.4,62,85,73.5,0,6.4
COLLINGWOOD,6111792.2021.7.4,7/4/2021,2021,7,4,12.5,28.4,20.5,17.8,50,89,69.5,0,0
COLLINGWOOD,6111792.2021.7.5,7/5/2021,2021,7,5,19.1,31.5,25.3,20.5,53,95,74,9.1,0
COLLINGWOOD,6111792.2021.7.6,7/6/2021,2021,7,6,19.7,27.3,23.5,25.3,55,89,72,0,9.1
COLLINGWOOD,6111792.2021.7.7,7/7/2021,2021,7,7,13.9,19.7,16.8,23.5,85,96,90.5,12.8,0
COLLINGWOOD,6111792.2021.7.8,7/8/2021,2021,7,8,13.3,18.7,16,16.8,85,98,91.5,22.6,12.8
COLLINGWOOD,6111792.2021.7.9,7/9/2021,2021,7,9,12,17.3,14.7,16,83,98,90.5,0.9,22.6
COLLINGWOOD,6111792.2021.7.10,7/10/2021,2021,7,10,10.8,22.8,16.8,14.7,57,97,77,0,0.9
COLLINGWOOD,6111792.2021.7.11,7/11/2021,2021,7,11,13.2,23,18.1,16.8,66,96,81,0,0
COLLINGWOOD,6111792.2021.7.12,7/12/2021,2021,7,12,14.1,25.9,20,18.1,61,97,79,0,0
COLLINGWOOD,6111792.2021.7.13,7/13/2021,2021,7,13,19.2,27.7,23.4,20,75,96,85.5,7.1,0
COLLINGWOOD,6111792.2021.7.14,7/14/2021,2021,7,14,19.6,27,23.3,23.4,63,89,76,0,7.1
COLLINGWOOD,6111792.2021.7.15,7/15/2021,2021,7,15,?,?,?,23.3,?,?,?,?,0
COLLINGWOOD,6111792.2021.7.16,7/16/2021,2021,7,16,16,21.2,18.6,?,64,92,78,0,?
COLLINGWOOD,6111792.2021.7.17,7/17/2021,2021,7,17,15.8,22.6,19.2,18.6,73,95,84,0,0
COLLINGWOOD,6111792.2021.7.18,7/18/2021,2021,7,18,17,24.2,20.6,19.2,60,91,75.5,0,0
COLLINGWOOD,6111792.2021.7.19,7/19/2021,2021,7,19,17.1,25.1,21.1,20.6,63,92,77.5,0,0
COLLINGWOOD,6111792.2021.7.20,7/20/2021,2021,7,20,16.9,27,22,21.1,62,95,78.5,9.7,0
COLLINGWOOD,6111792.2021.7.21,7/21/2021,2021,7,21,14.3,20.8,17.6,22,60,81,70.5,0,9.7
COLLINGWOOD,6111792.2021.7.22,7/22/2021,2021,7,22,12.8,22.4,17.6,17.6,58,86,72,0,0
COLLINGWOOD,6111792.2021.7.23,7/23/2021,2021,7,23,11.9,23.4,17.6,17.6,50,86,68,0,0
COLLINGWOOD,6111792.2021.7.24,7/24/2021,2021,7,24,15.8,22.8,19.3,17.6,66,94,80,15.2,0
COLLINGWOOD,6111792.2021.7.25,7/25/2021,2021,7,25,20,29.3,24.7,19.3,43,88,65.5,0,15.2
COLLINGWOOD,6111792.2021.7.26,7/26/2021,2021,7,26,16.6,28.7,22.6,24.7,46,88,67,0,0
COLLINGWOOD,6111792.2021.7.27,7/27/2021,2021,7,27,15.7,22.2,19,22.6,70,94,82,4.8,0
COLLINGWOOD,6111792.2021.7.28,7/28/2021,2021,7,28,14.6,25.1,19.8,19,57,97,77,0,4.8
COLLINGWOOD,6111792.2021.7.29,7/29/2021,2021,7,29,17.5,22,19.8,19.8,57,96,76.5,16.8,0
COLLINGWOOD,6111792.2021.7.30,7/30/2021,2021,7,30,11.7,18.7,15.2,19.8,59,85,72,0,16.8
COLLINGWOOD,6111792.2021.7.31,7/31/2021,2021,7,31,11.2,20.4,15.8,15.2,50,95,72.5,3.6,0
COLLINGWOOD,6111792.2021.8.1,8/1/2021,2021,8,1,13.2,18.4,15.8,15.8,78,93,85.5,7.3,3.6
COLLINGWOOD,6111792.2021.8.2,8/2/2021,2021,8,2,12.7,22.1,17.4,15.8,54,94,74,0,7.3
COLLINGWOOD,6111792.2021.8.3,8/3/2021,2021,8,3,14.6,24.3,19.4,17.4,53,88,70.5,0,0
COLLINGWOOD,6111792.2021.8.4,8/4/2021,2021,8,4,13.6,25.3,19.5,19.4,60,91,75.5,0,0
COLLINGWOOD,6111792.2021.8.5,8/5/2021,2021,8,5,14.8,26.4,20.6,19.5,60,94,77,0,0
COLLINGWOOD,6111792.2021.8.6,8/6/2021,2021,8,6,16.9,30.2,23.5,20.6,39,91,65,0.2,0
COLLINGWOOD,6111792.2021.8.7,8/7/2021,2021,8,7,19.5,24.9,22.2,23.5,70,95,82.5,0,0.2
COLLINGWOOD,6111792.2021.8.8,8/8/2021,2021,8,8,17.4,27.1,22.2,22.2,65,96,80.5,0,0
COLLINGWOOD,6111792.2021.8.9,8/9/2021,2021,8,9,21.9,33,27.5,22.2,51,88,69.5,0,0
COLLINGWOOD,6111792.2021.8.10,8/10/2021,2021,8,10,?,?,?,27.5,?,?,?,?,0
COLLINGWOOD,6111792.2021.8.11,8/11/2021,2021,8,11,?,?,?,?,?,?,?,?,?
COLLINGWOOD,6111792.2021.8.12,8/12/2021,2021,8,12,22.7,28.2,25.4,?,66,83,74.5,0,?
COLLINGWOOD,6111792.2021.8.13,8/13/2021,2021,8,13,16.6,25.1,20.8,25.4,59,84,71.5,0,0
COLLINGWOOD,6111792.2021.8.14,8/14/2021,2021,8,14,13.1,21.4,17.3,20.8,52,86,69,0,0
COLLINGWOOD,6111792.2021.8.15,8/15/2021,2021,8,15,11.3,25.8,18.5,17.3,34,92,63,0,0
COLLINGWOOD,6111792.2021.8.16,8/16/2021,2021,8,16,12,27.1,19.6,18.5,45,95,70,0,0
COLLINGWOOD,6111792.2021.8.17,8/17/2021,2021,8,17,17.5,22.8,20.1,19.6,85,96,90.5,4,0
COLLINGWOOD,6111792.2021.8.18,8/18/2021,2021,8,18,17.6,24.5,21.1,20.1,71,98,84.5,0,4
COLLINGWOOD,6111792.2021.8.19,8/19/2021,2021,8,19,17.8,24.8,21.3,21.1,68,93,80.5,0,0
COLLINGWOOD,6111792.2021.8.20,8/20/2021,2021,8,20,17.2,27,22.1,21.3,60,95,77.5,0,0
COLLINGWOOD,6111792.2021.8.21,8/21/2021,2021,8,21,19.3,26.8,23,22.1,79,96,87.5,0,0
COLLINGWOOD,6111792.2021.8.22,8/22/2021,2021,8,22,19.2,27.1,23.1,23,70,96,83,0,0
COLLINGWOOD,6111792.2021.8.23,8/23/2021,2021,8,23,19.1,26.9,23,23.1,66,92,79,0,0
COLLINGWOOD,6111792.2021.8.24,8/24/2021,2021,8,24,18.3,29.4,23.9,23,52,95,73.5,0,0
COLLINGWOOD,6111792.2021.8.25,8/25/2021,2021,8,25,20.9,30.2,25.6,23.9,57,92,74.5,0,0
COLLINGWOOD,6111792.2021.8.26,8/26/2021,2021,8,26,19.7,26.8,23.3,25.6,75,94,84.5,0,0
COLLINGWOOD,6111792.2021.8.27,8/27/2021,2021,8,27,16.7,27.4,22.1,23.3,49,85,67,0,0
COLLINGWOOD,6111792.2021.8.28,8/28/2021,2021,8,28,17.7,30.8,24.2,22.1,60,97,78.5,2.8,0
COLLINGWOOD,6111792.2021.8.29,8/29/2021,2021,8,29,20.4,33.2,26.8,24.2,48,96,72,0,2.8
COLLINGWOOD,6111792.2021.8.30,8/30/2021,2021,8,30,19,28.6,23.8,26.8,42,82,62,0,0
COLLINGWOOD,6111792.2021.8.31,8/31/2021,2021,8,31,15.9,22.1,19,23.8,56,86,71,0,0
COLLINGWOOD,6111792.2021.9.1,9/1/2021,2021,9,1,13,22.7,17.8,19,43,90,66.5,0,0
COLLINGWOOD,6111792.2021.9.2,9/2/2021,2021,9,2,15.6,18.4,17,17.8,50,73,61.5,0,0
COLLINGWOOD,6111792.2021.9.3,9/3/2021,2021,9,3,10.7,20.3,15.5,17,65,94,79.5,0,0
COLLINGWOOD,6111792.2021.9.4,9/4/2021,2021,9,4,11.3,24.1,17.7,15.5,53,96,74.5,5.6,0
COLLINGWOOD,6111792.2021.9.5,9/5/2021,2021,9,5,15.5,25.8,20.7,17.7,46,91,68.5,0,5.6
COLLINGWOOD,6111792.2021.9.6,9/6/2021,2021,9,6,14.2,21.3,17.7,20.7,53,91,72,0.7,0
COLLINGWOOD,6111792.2021.9.7,9/7/2021,2021,9,7,12.5,27.5,20,17.7,42,96,69,48.7,0.7
COLLINGWOOD,6111792.2021.9.8,9/8/2021,2021,9,8,14.2,24.4,19.3,20,42,94,68,5.9,48.7
COLLINGWOOD,6111792.2021.9.9,9/9/2021,2021,9,9,13.6,18.4,16,19.3,67,96,81.5,5.4,5.9
COLLINGWOOD,6111792.2021.9.10,9/10/2021,2021,9,10,12.2,21,16.6,16,55,91,73,0,5.4
COLLINGWOOD,6111792.2021.9.11,9/11/2021,2021,9,11,13.6,27,20.3,16.6,44,73,58.5,0,0
COLLINGWOOD,6111792.2021.9.12,9/12/2021,2021,9,12,15.4,21.7,18.5,20.3,54,77,65.5,0,0
COLLINGWOOD,6111792.2021.9.13,9/13/2021,2021,9,13,11.4,18.9,15.2,18.5,63,95,79,0,0
COLLINGWOOD,6111792.2021.9.14,9/14/2021,2021,9,14,11.5,29.9,20.7,15.2,56,94,75,13.3,0
COLLINGWOOD,6111792.2021.9.15,9/15/2021,2021,9,15,11.9,20.6,16.2,20.7,68,91,79.5,0,13.3
COLLINGWOOD,6111792.2021.9.16,9/16/2021,2021,9,16,10.1,25.3,17.7,16.2,44,95,69.5,0,0
COLLINGWOOD,6111792.2021.9.17,9/17/2021,2021,9,17,14.5,28.4,21.5,17.7,47,92,69.5,0,0
COLLINGWOOD,6111792.2021.9.18,9/18/2021,2021,9,18,9.9,21.1,15.5,21.5,55,92,73.5,0,0
COLLINGWOOD,6111792.2021.9.19,9/19/2021,2021,9,19,7.7,24.9,16.3,15.5,39,94,66.5,0,0
COLLINGWOOD,6111792.2021.9.20,9/20/2021,2021,9,20,12.1,25.7,18.9,16.3,49,85,67,0,0
COLLINGWOOD,6111792.2021.9.21,9/21/2021,2021,9,21,15.5,25.9,20.7,18.9,64,96,80,22.3,0
COLLINGWOOD,6111792.2021.9.22,9/22/2021,2021,9,22,11.2,16.6,13.9,20.7,92,96,94,90.9,22.3
COLLINGWOOD,6111792.2021.9.23,9/23/2021,2021,9,23,11.1,19.2,15.1,13.9,60,98,79,5.1,90.9
COLLINGWOOD,6111792.2021.9.24,9/24/2021,2021,9,24,10.2,16.6,13.4,15.1,62,91,76.5,0,5.1
COLLINGWOOD,6111792.2021.9.25,9/25/2021,2021,9,25,8.7,19.3,14,13.4,65,95,80,6.5,0
COLLINGWOOD,6111792.2021.9.26,9/26/2021,2021,9,26,10.9,18.8,14.9,14,52,85,68.5,0,6.5
COLLINGWOOD,6111792.2021.9.27,9/27/2021,2021,9,27,14.2,22.4,18.3,14.9,61,91,76,0.2,0
COLLINGWOOD,6111792.2021.9.28,9/28/2021,2021,9,28,7.9,15.2,11.5,18.3,59,94,76.5,0,0.2
COLLINGWOOD,6111792.2021.9.29,9/29/2021,2021,9,29,9.6,16.9,13.3,11.5,63,95,79,0,0
COLLINGWOOD,6111792.2021.9.30,9/30/2021,2021,9,30,9.9,13.7,11.8,13.3,65,87,76,0,0
COLLINGWOOD,6111792.2021.10.1,10/1/2021,2021,10,1,9.9,18.7,14.3,11.8,65,86,75.5,0,0
COLLINGWOOD,6111792.2021.10.2,10/2/2021,2021,10,2,18,24.8,21.4,14.3,55,80,67.5,0,0
COLLINGWOOD,6111792.2021.10.3,10/3/2021,2021,10,3,15.6,20.5,18,21.4,82,95,88.5,1.3,0
COLLINGWOOD,6111792.2021.10.4,10/4/2021,2021,10,4,15,16.9,16,18,84,94,89,0,1.3
COLLINGWOOD,6111792.2021.10.5,10/5/2021,2021,10,5,14.7,16.6,15.7,16,87,97,92,0,0
COLLINGWOOD,6111792.2021.10.6,10/6/2021,2021,10,6,12.9,20.3,16.6,15.7,77,97,87,0,0
COLLINGWOOD,6111792.2021.10.7,10/7/2021,2021,10,7,12.2,19.5,15.8,16.6,84,99,91.5,0,0
COLLINGWOOD,6111792.2021.10.8,10/8/2021,2021,10,8,16.6,21,18.8,15.8,78,94,86,0,0
COLLINGWOOD,6111792.2021.10.9,10/9/2021,2021,10,9,15.4,21.3,18.4,18.8,81,96,88.5,4.5,0
COLLINGWOOD,6111792.2021.10.10,10/10/2021,2021,10,10,16.5,22.9,19.7,18.4,73,96,84.5,6.5,4.5
COLLINGWOOD,6111792.2021.10.11,10/11/2021,2021,10,11,17.3,27.4,22.4,19.7,57,91,74,0,6.5
COLLINGWOOD,6111792.2021.10.12,10/12/2021,2021,10,12,16.3,23.8,20,22.4,68,92,80,0,0
COLLINGWOOD,6111792.2021.10.13,10/13/2021,2021,10,13,14.8,21.1,18,20,69,95,82,0,0
COLLINGWOOD,6111792.2021.10.14,10/14/2021,2021,10,14,13.8,25.2,19.5,18,66,95,80.5,0,0
COLLINGWOOD,6111792.2021.10.15,10/15/2021,2021,10,15,13.4,20.2,16.8,19.5,70,94,82,5.3,0
COLLINGWOOD,6111792.2021.10.16,10/16/2021,2021,10,16,9.4,14.7,12.1,16.8,69,93,81,7.2,5.3
COLLINGWOOD,6111792.2021.10.17,10/17/2021,2021,10,17,9,14.4,11.7,12.1,52,83,67.5,5.7,7.2
COLLINGWOOD,6111792.2021.10.18,10/18/2021,2021,10,18,8,12,10,11.7,56,75,65.5,0.2,5.7
COLLINGWOOD,6111792.2021.10.19,10/19/2021,2021,10,19,8.6,21.6,15.1,10,33,93,63,0,0.2
COLLINGWOOD,6111792.2021.10.20,10/20/2021,2021,10,20,14.2,21.1,17.7,15.1,52,87,69.5,0,0
COLLINGWOOD,6111792.2021.10.21,10/21/2021,2021,10,21,8.3,20.9,14.6,17.7,60,94,77,7.8,0
COLLINGWOOD,6111792.2021.10.22,10/22/2021,2021,10,22,3.8,8.5,6.1,14.6,77,91,84,1.2,7.8
COLLINGWOOD,6111792.2021.10.23,10/23/2021,2021,10,23,1.8,11.6,6.7,6.1,50,94,72,0.2,1.2
COLLINGWOOD,6111792.2021.10.24,10/24/2021,2021,10,24,3.7,15.3,9.5,6.7,50,96,73,7.3,0.2
COLLINGWOOD,6111792.2021.10.25,10/25/2021,2021,10,25,6.1,8.3,7.2,9.5,82,96,89,19.5,7.3
COLLINGWOOD,6111792.2021.10.26,10/26/2021,2021,10,26,6.4,9.4,7.9,7.2,82,95,88.5,4,19.5
COLLINGWOOD,6111792.2021.10.27,10/27/2021,2021,10,27,5,13.3,9.1,7.9,73,97,85,0,4
COLLINGWOOD,6111792.2021.10.28,10/28/2021,2021,10,28,2.9,13.8,8.4,9.1,51,95,73,0,0
COLLINGWOOD,6111792.2021.10.29,10/29/2021,2021,10,29,3.3,12.2,7.8,8.4,63,93,78,1.7,0
COLLINGWOOD,6111792.2021.10.30,10/30/2021,2021,10,30,7.1,10,8.6,7.8,84,96,90,3,1.7
COLLINGWOOD,6111792.2021.10.31,10/31/2021,2021,10,31,6.3,15.6,11,8.6,55,95,75,1,3
COLLINGWOOD,6111792.2021.11.1,11/1/2021,2021,11,1,4,10.2,7.1,11,51,89,70,1.4,1
COLLINGWOOD,6111792.2021.11.2,11/2/2021,2021,11,2,0.6,7.9,4.3,7.1,59,96,77.5,5.9,1.4
COLLINGWOOD,6111792.2021.11.3,11/3/2021,2021,11,3,0.1,4.8,2.5,4.3,62,97,79.5,15.7,5.9
COLLINGWOOD,6111792.2021.11.4,11/4/2021,2021,11,4,0.1,7.8,4,2.5,59,88,73.5,0,15.7
COLLINGWOOD,6111792.2021.11.5,11/5/2021,2021,11,5,1,10.7,5.8,4,41,80,60.5,0,0
COLLINGWOOD,6111792.2021.11.6,11/6/2021,2021,11,6,2.7,12.9,7.8,5.8,39,76,57.5,0,0
COLLINGWOOD,6111792.2021.11.7,11/7/2021,2021,11,7,6.7,15.3,11,7.8,52,90,71,0,0
COLLINGWOOD,6111792.2021.11.8,11/8/2021,2021,11,8,7.4,20.7,14.1,11,36,86,61,0,0
COLLINGWOOD,6111792.2021.11.9,11/9/2021,2021,11,9,3.9,12.2,8.1,14.1,62,91,76.5,0,0
COLLINGWOOD,6111792.2021.11.10,11/10/2021,2021,11,10,1.8,12.2,7,8.1,51,94,72.5,0,0
COLLINGWOOD,6111792.2021.11.11,11/11/2021,2021,11,11,2.9,12.5,7.7,7,54,90,72,0.3,0
COLLINGWOOD,6111792.2021.11.12,11/12/2021,2021,11,12,4,13.2,8.6,7.7,39,92,65.5,1.2,0.3
COLLINGWOOD,6111792.2021.11.13,11/13/2021,2021,11,13,1.9,7.1,4.5,8.6,64,89,76.5,1.4,1.2
COLLINGWOOD,6111792.2021.11.14,11/14/2021,2021,11,14,1.5,4.5,3,4.5,74,96,85,1,1.4
COLLINGWOOD,6111792.2021.11.15,11/15/2021,2021,11,15,0.5,6.2,3.3,3,60,95,77.5,7.2,1
COLLINGWOOD,6111792.2021.11.16,11/16/2021,2021,11,16,-0.5,4.6,2,3.3,65,97,81,4.5,7.2
COLLINGWOOD,6111792.2021.11.17,11/17/2021,2021,11,17,0.8,15.3,8,2,73,97,85,7.3,4.5
COLLINGWOOD,6111792.2021.11.18,11/18/2021,2021,11,18,0.7,10.3,5.5,8,56,91,73.5,0.7,7.3
COLLINGWOOD,6111792.2021.11.19,11/19/2021,2021,11,19,0.6,5.4,3,5.5,50,92,71,1.2,0.7
COLLINGWOOD,6111792.2021.11.20,11/20/2021,2021,11,20,0.9,5.2,3,3,59,81,70,0,1.2
COLLINGWOOD,6111792.2021.11.21,11/21/2021,2021,11,21,1.3,7.9,4.6,3,66,91,78.5,4,0
COLLINGWOOD,6111792.2021.11.22,11/22/2021,2021,11,22,-2.2,1.6,-0.3,4.6,61,96,78.5,7.8,4
COLLINGWOOD,6111792.2021.11.23,11/23/2021,2021,11,23,-4,3.3,-0.4,-0.3,57,95,76,8.6,7.8
COLLINGWOOD,6111792.2021.11.24,11/24/2021,2021,11,24,-3.2,9.1,2.9,-0.4,50,75,62.5,0,8.6
COLLINGWOOD,6111792.2021.11.25,11/25/2021,2021,11,25,2.3,6.5,4.4,2.9,72,91,81.5,0,0
COLLINGWOOD,6111792.2021.11.26,11/26/2021,2021,11,26,-3.3,2.4,-0.5,4.4,78,92,85,5.6,0
COLLINGWOOD,6111792.2021.11.27,11/27/2021,2021,11,27,-3.2,2.2,-0.5,-0.5,50,81,65.5,0.3,5.6
COLLINGWOOD,6111792.2021.11.28,11/28/2021,2021,11,28,-2.3,-0.3,-1.3,-0.5,63,96,79.5,4.8,0.3
COLLINGWOOD,6111792.2021.11.29,11/29/2021,2021,11,29,-7.8,1.8,-3,-1.3,64,90,77,0,4.8
COLLINGWOOD,6111792.2021.11.30,11/30/2021,2021,11,30,-0.4,2.9,1.3,-3,70,92,81,2.6,0
COLLINGWOOD,6111792.2021.12.1,12/1/2021,2021,12,1,?,?,?,1.3,?,?,?,?,2.6
COLLINGWOOD,6111792.2021.12.2,12/2/2021,2021,12,2,1.1,9.8,5.4,?,65,86,75.5,3.8,?
COLLINGWOOD,6111792.2021.12.3,12/3/2021,2021,12,3,-1.4,1.2,-0.1,5.4,56,73,64.5,0,3.8
COLLINGWOOD,6111792.2021.12.4,12/4/2021,2021,12,4,-1.4,4.8,1.7,-0.1,70,94,82,2.4,0
COLLINGWOOD,6111792.2021.12.5,12/5/2021,2021,12,5,-1.8,1.5,-0.1,1.7,70,97,83.5,19.9,2.4
COLLINGWOOD,6111792.2021.12.6,12/6/2021,2021,12,6,-3.2,6.3,1.6,-0.1,59,97,78,2.4,19.9
COLLINGWOOD,6111792.2021.12.7,12/7/2021,2021,12,7,-8.3,-1.9,-5.1,1.6,61,92,76.5,9.5,2.4
COLLINGWOOD,6111792.2021.12.8,12/8/2021,2021,12,8,-7,0.1,-3.4,-5.1,64,83,73.5,0,9.5
COLLINGWOOD,6111792.2021.12.9,12/9/2021,2021,12,9,-7.4,-0.1,-3.7,-3.4,59,92,75.5,3.5,0
COLLINGWOOD,6111792.2021.12.10,12/10/2021,2021,12,10,-0.1,5.5,2.7,-3.7,74,93,83.5,0.9,3.5
COLLINGWOOD,6111792.2021.12.11,12/11/2021,2021,12,11,-0.1,17.1,8.5,2.7,58,97,77.5,16.9,0.9
COLLINGWOOD,6111792.2021.12.12,12/12/2021,2021,12,12,0.9,8.4,4.6,8.5,42,78,60,0,16.9
COLLINGWOOD,6111792.2021.12.13,12/13/2021,2021,12,13,4.3,10.4,7.3,4.6,47,77,62,0,0
COLLINGWOOD,6111792.2021.12.14,12/14/2021,2021,12,14,0.4,5.6,3,7.3,61,81,71,0,0
COLLINGWOOD,6111792.2021.12.15,12/15/2021,2021,12,15,1.3,12.8,7.1,3,59,88,73.5,0.3,0
COLLINGWOOD,6111792.2021.12.16,12/16/2021,2021,12,16,3.9,18.5,11.2,7.1,42,65,53.5,0,0.3
COLLINGWOOD,6111792.2021.12.17,12/17/2021,2021,12,17,-0.3,4.1,1.9,11.2,61,72,66.5,0,0
COLLINGWOOD,6111792.2021.12.18,12/18/2021,2021,12,18,-2.7,-0.3,-1.5,1.9,66,90,78,5.6,0
COLLINGWOOD,6111792.2021.12.19,12/19/2021,2021,12,19,-8.6,-1.8,-5.2,-1.5,72,88,80,0.4,5.6
COLLINGWOOD,6111792.2021.12.20,12/20/2021,2021,12,20,-7.7,5.5,-1.1,-5.2,51,80,65.5,0,0.4
COLLINGWOOD,6111792.2021.12.21,12/21/2021,2021,12,21,-0.9,3.1,1.1,-1.1,54,83,68.5,0,0
COLLINGWOOD,6111792.2021.12.22,12/22/2021,2021,12,22,-7,3,-2,1.1,63,88,75.5,1.8,0
COLLINGWOOD,6111792.2021.12.23,12/23/2021,2021,12,23,-9.6,-0.7,-5.2,-2,56,93,74.5,2.1,1.8
COLLINGWOOD,6111792.2021.12.24,12/24/2021,2021,12,24,-2.6,2,-0.3,-5.2,89,95,92,0,2.1
COLLINGWOOD,6111792.2021.12.25,12/25/2021,2021,12,25,1.4,5.5,3.5,-0.3,80,96,88,0.7,0
COLLINGWOOD,6111792.2021.12.26,12/26/2021,2021,12,26,-6.7,2.2,-2.3,3.5,73,87,80,0,0.7
COLLINGWOOD,6111792.2021.12.27,12/27/2021,2021,12,27,-7.3,2.4,-2.4,-2.3,74,95,84.5,2.1,0
COLLINGWOOD,6111792.2021.12.28,12/28/2021,2021,12,28,-0.7,3,1.2,-2.4,64,79,71.5,0,2.1
COLLINGWOOD,6111792.2021.12.29,12/29/2021,2021,12,29,-2.4,3.5,0.5,1.2,73,93,83,0,0
COLLINGWOOD,6111792.2021.12.30,12/30/2021,2021,12,30,-3.7,1.7,-1,0.5,73,91,82,0.2,0
COLLINGWOOD,6111792.2021.12.31,12/31/2021,2021,12,31,-4,5.1,0.5,-1,76,93,84.5,0.5,0.2
COLLINGWOOD,6111792.2022.1.1,1/1/2022,2022,1,1,-4.9,2.9,-1,0.5,77,97,87,0.4,0.5
COLLINGWOOD,6111792.2022.1.2,1/2/2022,2022,1,2,-10,-4.8,-7.4,-1,75,89,82,1.4,0.4
COLLINGWOOD,6111792.2022.1.3,1/3/2022,2022,1,3,-16.2,-3.8,-10,-7.4,55,84,69.5,0.2,1.4
COLLINGWOOD,6111792.2022.1.4,1/4/2022,2022,1,4,-3.9,3.3,-0.3,-10,42,79,60.5,0,0.2
COLLINGWOOD,6111792.2022.1.5,1/5/2022,2022,1,5,-4.5,3.5,-0.5,-0.3,61,96,78.5,2.7,0
COLLINGWOOD,6111792.2022.1.6,1/6/2022,2022,1,6,-10.3,-3.9,-7.1,-0.5,78,92,85,5.6,2.7
COLLINGWOOD,6111792.2022.1.7,1/7/2022,2022,1,7,-14.5,-8.3,-11.4,-7.1,75,89,82,1.4,5.6
COLLINGWOOD,6111792.2022.1.8,1/8/2022,2022,1,8,-18.4,0,-9.2,-11.4,58,85,71.5,0.5,1.4
COLLINGWOOD,6111792.2022.1.9,1/9/2022,2022,1,9,-8.4,2.8,-2.8,-9.2,56,89,72.5,0.7,0.5
COLLINGWOOD,6111792.2022.1.10,1/10/2022,2022,1,10,-16.2,-5.7,-11,-2.8,64,90,77,11.1,0.7
COLLINGWOOD,6111792.2022.1.11,1/11/2022,2022,1,11,-25.2,-2.6,-13.9,-11,76,90,83,0.8,11.1
COLLINGWOOD,6111792.2022.1.12,1/12/2022,2022,1,12,-2.7,0.5,-1.1,-13.9,69,94,81.5,0,0.8
COLLINGWOOD,6111792.2022.1.13,1/13/2022,2022,1,13,-3.3,1.9,-0.7,-1.1,66,92,79,0,0
COLLINGWOOD,6111792.2022.1.14,1/14/2022,2022,1,14,-19.4,-3.2,-11.3,-0.7,56,83,69.5,0.2,0
COLLINGWOOD,6111792.2022.1.15,1/15/2022,2022,1,15,-23.1,-14.8,-18.9,-11.3,38,82,60,0.2,0.2
COLLINGWOOD,6111792.2022.1.16,1/16/2022,2022,1,16,-21.8,-3.6,-12.7,-18.9,53,86,69.5,0,0.2
COLLINGWOOD,6111792.2022.1.17,1/17/2022,2022,1,17,-8,-2.5,-5.3,-12.7,73,94,83.5,7.5,0
COLLINGWOOD,6111792.2022.1.18,1/18/2022,2022,1,18,-11.8,-2,-6.9,-5.3,75,90,82.5,0.7,7.5
COLLINGWOOD,6111792.2022.1.19,1/19/2022,2022,1,19,-10.6,6.2,-2.2,-6.9,54,90,72,0.2,0.7
COLLINGWOOD,6111792.2022.1.20,1/20/2022,2022,1,20,-17.6,-10.2,-13.9,-2.2,83,90,86.5,2,0.2
COLLINGWOOD,6111792.2022.1.21,1/21/2022,2022,1,21,-17.4,-8.5,-12.9,-13.9,80,85,82.5,0,2
COLLINGWOOD,6111792.2022.1.22,1/22/2022,2022,1,22,-17.4,-4.6,-11,-12.9,62,93,77.5,2.4,0
COLLINGWOOD,6111792.2022.1.23,1/23/2022,2022,1,23,-15.9,-5.8,-10.9,-11,62,91,76.5,1.7,2.4
COLLINGWOOD,6111792.2022.1.24,1/24/2022,2022,1,24,-14.9,-5.7,-10.3,-10.9,66,90,78,0.4,1.7
COLLINGWOOD,6111792.2022.1.25,1/25/2022,2022,1,25,-15.5,-6.3,-10.9,-10.3,65,90,77.5,2.2,0.4
COLLINGWOOD,6111792.2022.1.26,1/26/2022,2022,1,26,-17.2,-6.6,-11.9,-10.9,53,84,68.5,0,2.2
COLLINGWOOD,6111792.2022.1.27,1/27/2022,2022,1,27,-11.3,-3.1,-7.2,-11.9,48,93,70.5,0,0
COLLINGWOOD,6111792.2022.1.28,1/28/2022,2022,1,28,-22,-8.4,-15.2,-7.2,63,89,76,0.2,0
COLLINGWOOD,6111792.2022.1.29,1/29/2022,2022,1,29,-25.1,-9,-17,-15.2,40,81,60.5,0.2,0.2
COLLINGWOOD,6111792.2022.1.30,1/30/2022,2022,1,30,-12.2,-4.4,-8.3,-17,62,83,72.5,0,0.2
COLLINGWOOD,6111792.2022.1.31,1/31/2022,2022,1,31,-11.5,-0.2,-5.8,-8.3,56,87,71.5,0,0
COLLINGWOOD,6111792.2022.2.1,2/1/2022,2022,2,1,-9.9,6,-1.9,-5.8,49,83,66,0.5,0
COLLINGWOOD,6111792.2022.2.2,2/2/2022,2022,2,2,-3.8,4.1,0.2,-1.9,83,97,90,11,0.5
COLLINGWOOD,6111792.2022.2.3,2/3/2022,2022,2,3,-11.2,-3.6,-7.4,0.2,63,91,77,0.2,11
COLLINGWOOD,6111792.2022.2.4,2/4/2022,2022,2,4,-15.3,-9.9,-12.6,-7.4,62,79,70.5,0,0.2
COLLINGWOOD,6111792.2022.2.5,2/5/2022,2022,2,5,-13.2,-6,-9.6,-12.6,56,75,65.5,0,0
COLLINGWOOD,6111792.2022.2.6,2/6/2022,2022,2,6,-10.5,1.1,-4.7,-9.6,54,74,64,0,0
COLLINGWOOD,6111792.2022.2.7,2/7/2022,2022,2,7,-3.3,2.5,-0.4,-4.7,59,83,71,0,0
COLLINGWOOD,6111792.2022.2.8,2/8/2022,2022,2,8,-7.6,1.3,-3.2,-0.4,47,85,66,0,0
COLLINGWOOD,6111792.2022.2.9,2/9/2022,2022,2,9,-7.7,9.4,0.8,-3.2,51,83,67,0,0
COLLINGWOOD,6111792.2022.2.10,2/10/2022,2022,2,10,-0.7,3.5,1.4,0.8,65,92,78.5,0.2,0
COLLINGWOOD,6111792.2022.2.11,2/11/2022,2022,2,11,-2.1,4.9,1.4,1.4,67,90,78.5,0.9,0.2
COLLINGWOOD,6111792.2022.2.12,2/12/2022,2022,2,12,-16.4,1.3,-7.6,1.4,85,94,89.5,2.1,0.9
COLLINGWOOD,6111792.2022.2.13,2/13/2022,2022,2,13,-19.9,-9.9,-14.9,-7.6,80,86,83,0.5,2.1
COLLINGWOOD,6111792.2022.2.14,2/14/2022,2022,2,14,-15.8,-9.5,-12.6,-14.9,54,84,69,0.5,0.5
COLLINGWOOD,6111792.2022.2.15,2/15/2022,2022,2,15,-9.8,-3.4,-6.6,-12.6,60,91,75.5,3.2,0.5
COLLINGWOOD,6111792.2022.2.16,2/16/2022,2022,2,16,-5.2,11.2,3,-6.6,44,85,64.5,2.9,3.2
COLLINGWOOD,6111792.2022.2.17,2/17/2022,2022,2,17,-8,8.2,0.1,3,83,97,90,11.6,2.9
COLLINGWOOD,6111792.2022.2.18,2/18/2022,2022,2,18,-11.4,-4.3,-7.9,0.1,55,92,73.5,1.1,11.6
COLLINGWOOD,6111792.2022.2.19,2/19/2022,2022,2,19,-11,-2.8,-6.9,-7.9,53,92,72.5,3,1.1
COLLINGWOOD,6111792.2022.2.20,2/20/2022,2022,2,20,-11,6.8,-2.1,-6.9,46,85,65.5,0,3
COLLINGWOOD,6111792.2022.2.21,2/21/2022,2022,2,21,-1.8,2.5,0.3,-2.1,66,87,76.5,0,0
COLLINGWOOD,6111792.2022.2.22,2/22/2022,2022,2,22,-3.9,5.9,1,0.3,72,97,84.5,3.9,0
COLLINGWOOD,6111792.2022.2.23,2/23/2022,2022,2,23,-11,-3.8,-7.4,1,73,94,83.5,0.6,3.9
COLLINGWOOD,6111792.2022.2.24,2/24/2022,2022,2,24,-15.3,-5.7,-10.5,-7.4,43,74,58.5,0,0.6
COLLINGWOOD,6111792.2022.2.25,2/25/2022,2022,2,25,-14.3,-7,-10.7,-10.5,54,88,71,8.4,0
COLLINGWOOD,6111792.2022.2.26,2/26/2022,2022,2,26,-11.8,0.2,-5.8,-10.7,50,83,66.5,0,8.4
COLLINGWOOD,6111792.2022.2.27,2/27/2022,2022,2,27,-8.7,-0.7,-4.7,-5.8,54,92,73,0,0
COLLINGWOOD,6111792.2022.2.28,2/28/2022,2022,2,28,-15,-2.6,-8.8,-4.7,37,87,62,0.9,0
COLLINGWOOD,6111792.2022.3.1,3/1/2022,2022,3,1,-7.5,2.6,-2.5,-8.8,68,90,79,0,0.9
COLLINGWOOD,6111792.2022.3.2,3/2/2022,2022,3,2,-6,2,-2,-2.5,49,93,71,0,0
COLLINGWOOD,6111792.2022.3.3,3/3/2022,2022,3,3,-10.8,-5.9,-8.4,-2,51,79,65,0.2,0
COLLINGWOOD,6111792.2022.3.4,3/4/2022,2022,3,4,-8.6,2.2,-3.2,-8.4,35,74,54.5,0,0.2
COLLINGWOOD,6111792.2022.3.5,3/5/2022,2022,3,5,-4.5,5.1,0.3,-3.2,41,70,55.5,0,0
COLLINGWOOD,6111792.2022.3.6,3/6/2022,2022,3,6,0.9,15.4,8.1,0.3,53,83,68,1.8,0
COLLINGWOOD,6111792.2022.3.7,3/7/2022,2022,3,7,-3.1,1,-1.1,8.1,75,98,86.5,6.6,1.8
COLLINGWOOD,6111792.2022.3.8,3/8/2022,2022,3,8,-5.6,3.6,-1,-1.1,45,85,65,0,6.6
COLLINGWOOD,6111792.2022.3.9,3/9/2022,2022,3,9,-5.5,7.3,0.9,-1,40,84,62,0,0
COLLINGWOOD,6111792.2022.3.10,3/10/2022,2022,3,10,-3.6,1.8,-0.9,0.9,58,82,70,0,0
COLLINGWOOD,6111792.2022.3.11,3/11/2022,2022,3,11,-4.8,0.4,-2.2,-0.9,67,90,78.5,1.8,0
COLLINGWOOD,6111792.2022.3.12,3/12/2022,2022,3,12,-8.4,-3.4,-5.9,-2.2,47,88,67.5,0.4,1.8
COLLINGWOOD,6111792.2022.3.13,3/13/2022,2022,3,13,-8.6,0,-4.3,-5.9,56,78,67,0,0.4
COLLINGWOOD,6111792.2022.3.14,3/14/2022,2022,3,14,-2.8,7,2.1,-4.3,60,98,79,0.7,0
COLLINGWOOD,6111792.2022.3.15,3/15/2022,2022,3,15,-1.9,5,1.6,2.1,71,97,84,0.2,0.7
COLLINGWOOD,6111792.2022.3.16,3/16/2022,2022,3,16,-2.3,11.9,4.8,1.6,55,98,76.5,0,0.2
COLLINGWOOD,6111792.2022.3.17,3/17/2022,2022,3,17,2.8,19.9,11.4,4.8,44,91,67.5,0,0
COLLINGWOOD,6111792.2022.3.18,3/18/2022,2022,3,18,1.9,6.2,4,11.4,80,96,88,0.7,0
COLLINGWOOD,6111792.2022.3.19,3/19/2022,2022,3,19,3.5,8.2,5.8,4,83,97,90,4,0.7
COLLINGWOOD,6111792.2022.3.20,3/20/2022,2022,3,20,1.8,8.2,5,5.8,45,95,70,0,4
COLLINGWOOD,6111792.2022.3.21,3/21/2022,2022,3,21,0.7,6.3,3.5,5,46,79,62.5,0,0
COLLINGWOOD,6111792.2022.3.22,3/22/2022,2022,3,22,-4.3,3.1,-0.6,3.5,43,84,63.5,0,0
COLLINGWOOD,6111792.2022.3.23,3/23/2022,2022,3,23,0.4,3.4,1.9,-0.6,47,94,70.5,19.1,0
COLLINGWOOD,6111792.2022.3.24,3/24/2022,2022,3,24,2.8,12.1,7.5,1.9,62,96,79,0,19.1
COLLINGWOOD,6111792.2022.3.25,3/25/2022,2022,3,25,2.2,6.4,4.3,7.5,69,89,79,0.2,0
COLLINGWOOD,6111792.2022.3.26,3/26/2022,2022,3,26,-2.7,4.8,1,4.3,65,93,79,1.7,0.2
COLLINGWOOD,6111792.2022.3.27,3/27/2022,2022,3,27,-9.3,-2.1,-5.7,1,52,93,72.5,1.7,1.7
COLLINGWOOD,6111792.2022.3.28,3/28/2022,2022,3,28,-10.4,-5.5,-8,-5.7,57,92,74.5,0.9,1.7
COLLINGWOOD,6111792.2022.3.29,3/29/2022,2022,3,29,-7.4,-1.8,-4.6,-8,42,78,60,0,0.9
COLLINGWOOD,6111792.2022.3.30,3/30/2022,2022,3,30,-7,1.2,-2.9,-4.6,46,91,68.5,8.7,0
COLLINGWOOD,6111792.2022.3.31,3/31/2022,2022,3,31,0.8,17.5,9.2,-2.9,52,89,70.5,0.4,8.7
COLLINGWOOD,6111792.2022.4.1,4/1/2022,2022,4,1,-1.2,1.5,0.1,9.2,66,96,81,0.2,0.4
COLLINGWOOD,6111792.2022.4.2,4/2/2022,2022,4,2,-2.5,3.8,0.6,0.1,65,82,73.5,0,0.2
COLLINGWOOD,6111792.2022.4.3,4/3/2022,2022,4,3,-1,3.3,1.2,0.6,73,95,84,0.2,0
COLLINGWOOD,6111792.2022.4.4,4/4/2022,2022,4,4,-2.5,4.7,1.1,1.2,73,93,83,0,0.2
COLLINGWOOD,6111792.2022.4.5,4/5/2022,2022,4,5,2.6,13.6,8.1,1.1,51,87,69,0,0
COLLINGWOOD,6111792.2022.4.6,4/6/2022,2022,4,6,2,16.1,9,8.1,42,93,67.5,3.7,0
COLLINGWOOD,6111792.2022.4.7,4/7/2022,2022,4,7,3.7,14.3,9,9,46,90,68,0.5,3.7
COLLINGWOOD,6111792.2022.4.8,4/8/2022,2022,4,8,1,9.7,5.3,9,54,96,75,3.5,0.5
COLLINGWOOD,6111792.2022.4.9,4/9/2022,2022,4,9,0.7,4.2,2.4,5.3,66,96,81,0.2,3.5
COLLINGWOOD,6111792.2022.4.10,4/10/2022,2022,4,10,-0.1,4.9,2.4,2.4,61,95,78,0.4,0.2
COLLINGWOOD,6111792.2022.4.11,4/11/2022,2022,4,11,0.9,17,9,2.4,45,71,58,0,0.4
COLLINGWOOD,6111792.2022.4.12,4/12/2022,2022,4,12,3.1,14.3,8.7,9,44,76,60,0,0
COLLINGWOOD,6111792.2022.4.13,4/13/2022,2022,4,13,6.2,21.8,14,8.7,59,92,75.5,9.1,0
COLLINGWOOD,6111792.2022.4.14,4/14/2022,2022,4,14,6,17.6,11.8,14,29,89,59,0,9.1
COLLINGWOOD,6111792.2022.4.15,4/15/2022,2022,4,15,-0.3,14.1,6.9,11.8,25,87,56,0,0
COLLINGWOOD,6111792.2022.4.16,4/16/2022,2022,4,16,-1.4,4.3,1.5,6.9,42,79,60.5,0,0
COLLINGWOOD,6111792.2022.4.17,4/17/2022,2022,4,17,-2.3,3.8,0.7,1.5,60,93,76.5,2.4,0
COLLINGWOOD,6111792.2022.4.18,4/18/2022,2022,4,18,-4,9.2,2.6,0.7,33,96,64.5,4.8,2.4
COLLINGWOOD,6111792.2022.4.19,4/19/2022,2022,4,19,0.6,3.8,2.2,2.6,73,97,85,3.6,4.8
COLLINGWOOD,6111792.2022.4.20,4/20/2022,2022,4,20,0.2,7.5,3.9,2.2,48,82,65,0,3.6
COLLINGWOOD,6111792.2022.4.21,4/21/2022,2022,4,21,4.2,14.9,9.5,3.9,51,94,72.5,5.6,0
COLLINGWOOD,6111792.2022.4.22,4/22/2022,2022,4,22,1.6,8.4,5,9.5,65,83,74,0,5.6
COLLINGWOOD,6111792.2022.4.23,4/23/2022,2022,4,23,1,10.1,5.5,5,67,89,78,4.7,0
COLLINGWOOD,6111792.2022.4.24,4/24/2022,2022,4,24,5.5,27,16.3,5.5,42,94,68,3.4,4.7
COLLINGWOOD,6111792.2022.4.25,4/25/2022,2022,4,25,8.1,18.4,13.3,16.3,61,96,78.5,3.6,3.4
COLLINGWOOD,6111792.2022.4.26,4/26/2022,2022,4,26,0.8,9.1,4.9,13.3,67,92,79.5,0,3.6
COLLINGWOOD,6111792.2022.4.27,4/27/2022,2022,4,27,-1,2.5,0.7,4.9,59,85,72,0.2,0
COLLINGWOOD,6111792.2022.4.28,4/28/2022,2022,4,28,-1,4.9,1.9,0.7,40,75,57.5,0,0.2
COLLINGWOOD,6111792.2022.4.29,4/29/2022,2022,4,29,-3,9.6,3.3,1.9,41,76,58.5,0,0
COLLINGWOOD,6111792.2022.4.30,4/30/2022,2022,4,30,-1.5,12.7,5.6,3.3,44,77,60.5,0,0
COLLINGWOOD,6111792.2022.5.1,5/1/2022,2022,5,1,5.8,15.1,10.4,5.6,34,90,62,3.7,0
COLLINGWOOD,6111792.2022.5.2,5/2/2022,2022,5,2,7.4,11.7,9.5,10.4,81,96,88.5,0.8,3.7
COLLINGWOOD,6111792.2022.5.3,5/3/2022,2022,5,3,6.5,15,10.8,9.5,60,99,79.5,9.3,0.8
COLLINGWOOD,6111792.2022.5.4,5/4/2022,2022,5,4,2.8,10.7,6.7,10.8,54,99,76.5,0,9.3
COLLINGWOOD,6111792.2022.5.5,5/5/2022,2022,5,5,1.2,16.6,8.9,6.7,39,94,66.5,0,0
COLLINGWOOD,6111792.2022.5.6,5/6/2022,2022,5,6,4.9,15.1,10,8.9,42,85,63.5,0,0
COLLINGWOOD,6111792.2022.5.7,5/7/2022,2022,5,7,2.7,12.4,7.6,10,34,67,50.5,0,0
COLLINGWOOD,6111792.2022.5.8,5/8/2022,2022,5,8,0.5,19.9,10.2,7.6,23,88,55.5,0,0
COLLINGWOOD,6111792.2022.5.9,5/9/2022,2022,5,9,4.8,23,13.9,10.2,18,72,45,0,0
COLLINGWOOD,6111792.2022.5.10,5/10/2022,2022,5,10,10.7,25.4,18,13.9,16,45,30.5,0,0
COLLINGWOOD,6111792.2022.5.11,5/11/2022,2022,5,11,9.8,27.2,18.5,18,31,84,57.5,0,0
COLLINGWOOD,6111792.2022.5.12,5/12/2022,2022,5,12,9.3,31.8,20.6,18.5,16,82,49,0,0
COLLINGWOOD,6111792.2022.5.13,5/13/2022,2022,5,13,12.9,28.7,20.8,20.6,41,79,60,0,0
COLLINGWOOD,6111792.2022.5.14,5/14/2022,2022,5,14,13.4,30.1,21.7,20.8,39,97,68,23.7,0
COLLINGWOOD,6111792.2022.5.15,5/15/2022,2022,5,15,12,21.9,16.9,21.7,67,98,82.5,0.8,23.7
COLLINGWOOD,6111792.2022.5.16,5/16/2022,2022,5,16,8.2,14.4,11.3,16.9,55,93,74,7.5,0.8
COLLINGWOOD,6111792.2022.5.17,5/17/2022,2022,5,17,6.7,13.7,10.2,11.3,59,76,67.5,0,7.5
COLLINGWOOD,6111792.2022.5.18,5/18/2022,2022,5,18,4.2,17.6,10.9,10.2,36,91,63.5,0,0
COLLINGWOOD,6111792.2022.5.19,5/19/2022,2022,5,19,9.2,15.2,12.2,10.9,76,95,85.5,2.1,0
COLLINGWOOD,6111792.2022.5.20,5/20/2022,2022,5,20,12.2,28.3,20.3,12.2,53,97,75,0,2.1
COLLINGWOOD,6111792.2022.5.21,5/21/2022,2022,5,21,9.4,17.5,13.5,20.3,62,95,78.5,2.2,0
COLLINGWOOD,6111792.2022.5.22,5/22/2022,2022,5,22,7.6,12.1,9.8,13.5,62,98,80,2.5,2.2
COLLINGWOOD,6111792.2022.5.23,5/23/2022,2022,5,23,4.7,11.9,8.3,9.8,53,84,68.5,0,2.5
COLLINGWOOD,6111792.2022.5.24,5/24/2022,2022,5,24,4.4,17.4,10.9,8.3,45,90,67.5,0,0
COLLINGWOOD,6111792.2022.5.25,5/25/2022,2022,5,25,5.5,22.7,14.1,10.9,40,93,66.5,0.6,0
COLLINGWOOD,6111792.2022.5.26,5/26/2022,2022,5,26,15.6,26.7,21.1,14.1,59,95,77,3.7,0.6
COLLINGWOOD,6111792.2022.5.27,5/27/2022,2022,5,27,10.4,19.9,15.1,21.1,81,98,89.5,2.8,3.7
COLLINGWOOD,6111792.2022.5.28,5/28/2022,2022,5,28,9.5,15.9,12.7,15.1,58,91,74.5,0,2.8
COLLINGWOOD,6111792.2022.5.29,5/29/2022,2022,5,29,11.2,26.3,18.8,12.7,44,93,68.5,0,0
COLLINGWOOD,6111792.2022.5.30,5/30/2022,2022,5,30,17.2,31.4,24.3,18.8,36,81,58.5,0,0
COLLINGWOOD,6111792.2022.5.31,5/31/2022,2022,5,31,20.6,31,25.8,24.3,43,76,59.5,0,0
COLLINGWOOD,6111792.2022.6.1,6/1/2022,2022,6,1,10,26,18,25.8,57,95,76,17.8,0
COLLINGWOOD,6111792.2022.6.2,6/2/2022,2022,6,2,8.9,17.5,13.2,18,62,92,77,0,17.8
COLLINGWOOD,6111792.2022.6.3,6/3/2022,2022,6,3,9.4,25,17.2,13.2,40,82,61,0,0
COLLINGWOOD,6111792.2022.6.4,6/4/2022,2022,6,4,7.8,18.2,13,17.2,37,70,53.5,0,0
COLLINGWOOD,6111792.2022.6.5,6/5/2022,2022,6,5,12.8,19.8,16.3,13,43,77,60,0,0
COLLINGWOOD,6111792.2022.6.6,6/6/2022,2022,6,6,12.8,20.3,16.5,16.3,57,96,76.5,11.3,0
COLLINGWOOD,6111792.2022.6.7,6/7/2022,2022,6,7,13.5,19.1,16.3,16.5,77,98,87.5,11,11.3
COLLINGWOOD,6111792.2022.6.8,6/8/2022,2022,6,8,11.7,17.7,14.7,16.3,67,97,82,14.3,11
COLLINGWOOD,6111792.2022.6.9,6/9/2022,2022,6,9,11.6,20.9,16.3,14.7,59,98,78.5,5,14.3
COLLINGWOOD,6111792.2022.6.10,6/10/2022,2022,6,10,11.9,19.7,15.8,16.3,56,79,67.5,0,5
COLLINGWOOD,6111792.2022.6.11,6/11/2022,2022,6,11,13.8,22.7,18.3,15.8,52,98,75,17.8,0
COLLINGWOOD,6111792.2022.6.12,6/12/2022,2022,6,12,9.7,17.8,13.7,18.3,83,98,90.5,20.4,17.8
COLLINGWOOD,6111792.2022.6.13,6/13/2022,2022,6,13,8.5,19.2,13.9,13.7,59,97,78,0,20.4
COLLINGWOOD,6111792.2022.6.14,6/14/2022,2022,6,14,12,25,18.5,13.9,51,92,71.5,0.2,0
COLLINGWOOD,6111792.2022.6.15,6/15/2022,2022,6,15,14.7,26.9,20.8,18.5,50,97,73.5,10,0.2
COLLINGWOOD,6111792.2022.6.16,6/16/2022,2022,6,16,?,?,?,20.8,?,?,?,?,10
COLLINGWOOD,6111792.2022.6.17,6/17/2022,2022,6,17,10.7,23.1,16.9,?,48,79,63.5,0,?
COLLINGWOOD,6111792.2022.6.18,6/18/2022,2022,6,18,9.9,17.9,13.9,16.9,33,76,54.5,0,0
COLLINGWOOD,6111792.2022.6.19,6/19/2022,2022,6,19,8.9,15.2,12,13.9,40,85,62.5,0,0
COLLINGWOOD,6111792.2022.6.20,6/20/2022,2022,6,20,12.3,22.4,17.4,12,42,75,58.5,0,0
COLLINGWOOD,6111792.2022.6.21,6/21/2022,2022,6,21,19.2,29.6,24.4,17.4,57,84,70.5,0,0
COLLINGWOOD,6111792.2022.6.22,6/22/2022,2022,6,22,17.1,28.2,22.6,24.4,54,92,73,0,0
COLLINGWOOD,6111792.2022.6.23,6/23/2022,2022,6,23,13.1,21.9,17.5,22.6,42,88,65,0,0
COLLINGWOOD,6111792.2022.6.24,6/24/2022,2022,6,24,10.4,26.3,18.3,17.5,40,85,62.5,0,0
COLLINGWOOD,6111792.2022.6.25,6/25/2022,2022,6,25,16.7,29.3,23,18.3,43,81,62,0,0
COLLINGWOOD,6111792.2022.6.26,6/26/2022,2022,6,26,17,29,23,23,54,88,71,0,0
COLLINGWOOD,6111792.2022.6.27,6/27/2022,2022,6,27,12.4,18.3,15.3,23,54,73,63.5,0,0
COLLINGWOOD,6111792.2022.6.28,6/28/2022,2022,6,28,9.9,22.6,16.3,15.3,48,87,67.5,0,0
COLLINGWOOD,6111792.2022.6.29,6/29/2022,2022,6,29,10.5,19.3,14.9,16.3,70,92,81,4,0
COLLINGWOOD,6111792.2022.6.30,6/30/2022,2022,6,30,9.9,31.1,20.5,14.9,39,84,61.5,0,4
COLLINGWOOD,6111792.2022.7.1,7/1/2022,2022,7,1,17.3,26.8,22.1,20.5,43,91,67,2.1,0
COLLINGWOOD,6111792.2022.7.2,7/2/2022,2022,7,2,11.9,25.2,18.6,22.1,38,75,56.5,0,2.1
COLLINGWOOD,6111792.2022.7.3,7/3/2022,2022,7,3,12.1,20.4,16.2,18.6,52,78,65,0,0
COLLINGWOOD,6111792.2022.7.4,7/4/2022,2022,7,4,12.2,23.2,17.7,16.2,46,82,64,0,0
COLLINGWOOD,6111792.2022.7.5,7/5/2022,2022,7,5,15.7,23,19.4,17.7,65,95,80,11.4,0
COLLINGWOOD,6111792.2022.7.6,7/6/2022,2022,7,6,12.7,19.5,16.1,19.4,73,96,84.5,0,11.4
COLLINGWOOD,6111792.2022.7.7,7/7/2022,2022,7,7,11.1,22.1,16.6,16.1,64,95,79.5,0,0
COLLINGWOOD,6111792.2022.7.8,7/8/2022,2022,7,8,15.1,20.2,17.7,16.6,64,84,74,0,0
COLLINGWOOD,6111792.2022.7.9,7/9/2022,2022,7,9,12.4,19.7,16.1,17.7,54,86,70,0,0
COLLINGWOOD,6111792.2022.7.10,7/10/2022,2022,7,10,12.2,23.8,18,16.1,47,85,66,0,0
COLLINGWOOD,6111792.2022.7.11,7/11/2022,2022,7,11,14.8,30.6,22.7,18,31,84,57.5,0,0
COLLINGWOOD,6111792.2022.7.12,7/12/2022,2022,7,12,14.5,21.8,18.1,22.7,65,95,80,13.1,0
COLLINGWOOD,6111792.2022.7.13,7/13/2022,2022,7,13,13.1,20.7,16.9,18.1,67,93,80,0,13.1
COLLINGWOOD,6111792.2022.7.14,7/14/2022,2022,7,14,11.8,21.8,16.8,16.9,51,90,70.5,0,0
COLLINGWOOD,6111792.2022.7.15,7/15/2022,2022,7,15,11.5,23.3,17.4,16.8,44,88,66,0,0
COLLINGWOOD,6111792.2022.7.16,7/16/2022,2022,7,16,15,24.6,19.8,17.4,51,85,68,0,0
COLLINGWOOD,6111792.2022.7.17,7/17/2022,2022,7,17,14.2,28.2,21.2,19.8,50,89,69.5,0,0
COLLINGWOOD,6111792.2022.7.18,7/18/2022,2022,7,18,18.9,26.1,22.5,21.2,49,93,71,0,0
COLLINGWOOD,6111792.2022.7.19,7/19/2022,2022,7,19,21.4,29.1,25.2,22.5,48,75,61.5,0,0
COLLINGWOOD,6111792.2022.7.20,7/20/2022,2022,7,20,20.9,32.3,26.6,25.2,44,89,66.5,7.1,0
COLLINGWOOD,6111792.2022.7.21,7/21/2022,2022,7,21,18.7,28.5,23.6,26.6,46,90,68,2.5,7.1
COLLINGWOOD,6111792.2022.7.22,7/22/2022,2022,7,22,17.1,27.2,22.1,23.6,41,84,62.5,1.1,2.5
COLLINGWOOD,6111792.2022.7.23,7/23/2022,2022,7,23,22.5,32.2,27.4,22.1,41,71,56,0,1.1
COLLINGWOOD,6111792.2022.7.24,7/24/2022,2022,7,24,18.5,25.1,21.8,27.4,59,93,76,10.7,0
COLLINGWOOD,6111792.2022.7.25,7/25/2022,2022,7,25,15.7,21.2,18.5,21.8,56,80,68,0,10.7
COLLINGWOOD,6111792.2022.7.26,7/26/2022,2022,7,26,13.4,23.4,18.4,18.5,49,87,68,0,0
COLLINGWOOD,6111792.2022.7.27,7/27/2022,2022,7,27,13.1,27.9,20.5,18.4,45,87,66,0,0
COLLINGWOOD,6111792.2022.7.28,7/28/2022,2022,7,28,17.1,26.4,21.7,20.5,50,90,70,2.1,0
COLLINGWOOD,6111792.2022.7.29,7/29/2022,2022,7,29,16.1,25.6,20.8,21.7,42,81,61.5,0,2.1
COLLINGWOOD,6111792.2022.7.30,7/30/2022,2022,7,30,15.6,22.8,19.2,20.8,63,87,75,0,0
COLLINGWOOD,6111792.2022.7.31,7/31/2022,2022,7,31,16.3,28.6,22.4,19.2,50,85,67.5,0,0
COLLINGWOOD,6111792.2022.8.1,8/1/2022,2022,8,1,20,30.1,25.1,22.4,45,81,63,0,0
COLLINGWOOD,6111792.2022.8.2,8/2/2022,2022,8,2,13.2,20.1,16.6,25.1,66,90,78,0,0
COLLINGWOOD,6111792.2022.8.3,8/3/2022,2022,8,3,13.4,23.1,18.2,16.6,67,96,81.5,50.4,0
COLLINGWOOD,6111792.2022.8.4,8/4/2022,2022,8,4,16.9,26.5,21.7,18.2,71,94,82.5,0,50.4
COLLINGWOOD,6111792.2022.8.5,8/5/2022,2022,8,5,16,24.7,20.3,21.7,77,96,86.5,0,0
COLLINGWOOD,6111792.2022.8.6,8/6/2022,2022,8,6,19,32.8,25.9,20.3,49,95,72,0,0
COLLINGWOOD,6111792.2022.8.7,8/7/2022,2022,8,7,22.8,31.7,27.3,25.9,63,96,79.5,0,0
COLLINGWOOD,6111792.2022.8.8,8/8/2022,2022,8,8,17.6,28.7,23.2,27.3,71,96,83.5,3,0
COLLINGWOOD,6111792.2022.8.9,8/9/2022,2022,8,9,13.6,20.4,17,23.2,68,93,80.5,0,3
COLLINGWOOD,6111792.2022.8.10,8/10/2022,2022,8,10,12.7,24.6,18.7,17,56,95,75.5,0,0
COLLINGWOOD,6111792.2022.8.11,8/11/2022,2022,8,11,16.7,20.7,18.7,18.7,50,82,66,0,0
COLLINGWOOD,6111792.2022.8.12,8/12/2022,2022,8,12,11.8,21.8,16.8,18.7,41,92,66.5,0,0
COLLINGWOOD,6111792.2022.8.13,8/13/2022,2022,8,13,10.9,23.5,17.2,16.8,53,92,72.5,0,0
COLLINGWOOD,6111792.2022.8.14,8/14/2022,2022,8,14,12.3,24.9,18.6,17.2,56,93,74.5,0,0
COLLINGWOOD,6111792.2022.8.15,8/15/2022,2022,8,15,12.7,24.5,18.6,18.6,54,93,73.5,0,0
COLLINGWOOD,6111792.2022.8.16,8/16/2022,2022,8,16,14.6,24.3,19.5,18.6,64,93,78.5,0,0
COLLINGWOOD,6111792.2022.8.17,8/17/2022,2022,8,17,15.3,25.4,20.4,19.5,64,96,80,0,0
COLLINGWOOD,6111792.2022.8.18,8/18/2022,2022,8,18,15,25.8,20.4,20.4,51,88,69.5,0,0
COLLINGWOOD,6111792.2022.8.19,8/19/2022,2022,8,19,15.6,29.6,22.6,20.4,44,84,64,0,0
COLLINGWOOD,6111792.2022.8.20,8/20/2022,2022,8,20,16.4,28.5,22.4,22.6,48,88,68,0,0
COLLINGWOOD,6111792.2022.8.21,8/21/2022,2022,8,21,18.7,27.2,23,22.4,61,97,79,23.2,0
COLLINGWOOD,6111792.2022.8.22,8/22/2022,2022,8,22,18.4,23.9,21.2,23,81,98,89.5,26.7,23.2
COLLINGWOOD,6111792.2022.8.23,8/23/2022,2022,8,23,16.7,24.8,20.7,21.2,57,88,72.5,0,26.7
COLLINGWOOD,6111792.2022.8.24,8/24/2022,2022,8,24,17.1,25.9,21.5,20.7,59,92,75.5,0,0
COLLINGWOOD,6111792.2022.8.25,8/25/2022,2022,8,25,15.9,24.2,20,21.5,69,94,81.5,38.5,0
COLLINGWOOD,6111792.2022.8.26,8/26/2022,2022,8,26,14.1,21.1,17.6,20,69,96,82.5,2.3,38.5
COLLINGWOOD,6111792.2022.8.27,8/27/2022,2022,8,27,11.2,24.2,17.7,17.6,47,94,70.5,0,2.3
COLLINGWOOD,6111792.2022.8.28,8/28/2022,2022,8,28,13.3,29.9,21.6,17.7,43,89,66,0,0
COLLINGWOOD,6111792.2022.8.29,8/29/2022,2022,8,29,19.8,29.5,24.6,21.6,58,92,75,9.7,0
COLLINGWOOD,6111792.2022.8.30,8/30/2022,2022,8,30,17.4,26.9,22.2,24.6,48,82,65,0,9.7
COLLINGWOOD,6111792.2022.8.31,8/31/2022,2022,8,31,14.4,24.8,19.6,22.2,49,80,64.5,0,0
COLLINGWOOD,6111792.2022.9.1,9/1/2022,2022,9,1,12.9,20.6,16.8,19.6,50,84,67,0,0
COLLINGWOOD,6111792.2022.9.2,9/2/2022,2022,9,2,16.2,30.1,23.2,16.8,43,75,59,0,0
COLLINGWOOD,6111792.2022.9.3,9/3/2022,2022,9,3,17.1,29.7,23.4,23.2,52,86,69,0,0
COLLINGWOOD,6111792.2022.9.4,9/4/2022,2022,9,4,14.8,17.9,16.4,23.4,76,88,82,0,0
COLLINGWOOD,6111792.2022.9.5,9/5/2022,2022,9,5,13.9,20.4,17.1,16.4,70,95,82.5,0,0
COLLINGWOOD,6111792.2022.9.6,9/6/2022,2022,9,6,11,22.2,16.6,17.1,54,96,75,0,0
COLLINGWOOD,6111792.2022.9.7,9/7/2022,2022,9,7,12.7,22.7,17.7,16.6,64,95,79.5,0,0
COLLINGWOOD,6111792.2022.9.8,9/8/2022,2022,9,8,12.1,23.5,17.8,17.7,66,93,79.5,0,0
COLLINGWOOD,6111792.2022.9.9,9/9/2022,2022,9,9,14.5,27.3,20.9,17.8,49,92,70.5,0,0
COLLINGWOOD,6111792.2022.9.10,9/10/2022,2022,9,10,15.8,28.9,22.3,20.9,44,90,67,0,0
COLLINGWOOD,6111792.2022.9.11,9/11/2022,2022,9,11,17.1,28,22.6,22.3,51,85,68,0,0
COLLINGWOOD,6111792.2022.9.12,9/12/2022,2022,9,12,14.5,20.8,17.7,22.6,78,96,87,16.9,0
COLLINGWOOD,6111792.2022.9.13,9/13/2022,2022,9,13,12.6,21.3,16.9,17.7,60,95,77.5,0.2,16.9
COLLINGWOOD,6111792.2022.9.14,9/14/2022,2022,9,14,12.8,20.1,16.4,16.9,61,85,73,0,0.2
COLLINGWOOD,6111792.2022.9.15,9/15/2022,2022,9,15,7.6,16.7,12.1,16.4,45,88,66.5,0,0
COLLINGWOOD,6111792.2022.9.16,9/16/2022,2022,9,16,13.3,19.7,16.5,12.1,65,93,79,0,0
COLLINGWOOD,6111792.2022.9.17,9/17/2022,2022,9,17,15.3,28,21.6,16.5,49,95,72,0,0
COLLINGWOOD,6111792.2022.9.18,9/18/2022,2022,9,18,19.6,26.1,22.8,21.6,64,90,77,9.1,0
COLLINGWOOD,6111792.2022.9.19,9/19/2022,2022,9,19,17.3,24.8,21,22.8,61,83,72,0,9.1
COLLINGWOOD,6111792.2022.9.20,9/20/2022,2022,9,20,15.9,20.5,18.2,21,72,91,81.5,0.4,0
COLLINGWOOD,6111792.2022.9.21,9/21/2022,2022,9,21,15.7,28.2,21.9,18.2,46,81,63.5,1.9,0.4
COLLINGWOOD,6111792.2022.9.22,9/22/2022,2022,9,22,9.6,15.7,12.6,21.9,57,94,75.5,6.7,1.9
COLLINGWOOD,6111792.2022.9.23,9/23/2022,2022,9,23,8.9,14.5,11.7,12.6,54,80,67,0,6.7
COLLINGWOOD,6111792.2022.9.24,9/24/2022,2022,9,24,8.2,17.3,12.7,11.7,56,92,74,0.7,0
COLLINGWOOD,6111792.2022.9.25,9/25/2022,2022,9,25,11.4,16.8,14.1,12.7,82,96,89,7,0.7
COLLINGWOOD,6111792.2022.9.26,9/26/2022,2022,9,26,12.2,16.6,14.4,14.1,70,91,80.5,11.1,7
COLLINGWOOD,6111792.2022.9.27,9/27/2022,2022,9,27,11.8,14.9,13.4,14.4,77,92,84.5,28.8,11.1
COLLINGWOOD,6111792.2022.9.28,9/28/2022,2022,9,28,10,12.3,11.2,13.4,67,86,76.5,0,28.8
COLLINGWOOD,6111792.2022.9.29,9/29/2022,2022,9,29,5.7,14.2,9.9,11.2,58,93,75.5,0,0
COLLINGWOOD,6111792.2022.9.30,9/30/2022,2022,9,30,4.2,16.7,10.4,9.9,60,94,77,0,0
COLLINGWOOD,6111792.2022.10.1,10/1/2022,2022,10,1,7.5,17.8,12.6,10.4,62,96,79,0,0
COLLINGWOOD,6111792.2022.10.2,10/2/2022,2022,10,2,2.5,13.8,8.1,12.6,46,91,68.5,0,0
COLLINGWOOD,6111792.2022.10.3,10/3/2022,2022,10,3,0.8,15.3,8.1,8.1,36,92,64,0,0
COLLINGWOOD,6111792.2022.10.4,10/4/2022,2022,10,4,4.6,17.2,10.9,8.1,47,90,68.5,0,0
COLLINGWOOD,6111792.2022.10.5,10/5/2022,2022,10,5,6.9,19.5,13.2,10.9,57,86,71.5,0,0
COLLINGWOOD,6111792.2022.10.6,10/6/2022,2022,10,6,11.5,23.2,17.3,13.2,34,92,63,3.6,0
COLLINGWOOD,6111792.2022.10.7,10/7/2022,2022,10,7,4.1,11.6,7.9,17.3,60,89,74.5,2.8,3.6
COLLINGWOOD,6111792.2022.10.8,10/8/2022,2022,10,8,3.6,11.1,7.3,7.9,54,81,67.5,0,2.8
COLLINGWOOD,6111792.2022.10.9,10/9/2022,2022,10,9,6.2,15.6,10.9,7.3,50,93,71.5,0,0
COLLINGWOOD,6111792.2022.10.10,10/10/2022,2022,10,10,3.8,12.7,8.2,10.9,54,92,73,0,0
COLLINGWOOD,6111792.2022.10.11,10/11/2022,2022,10,11,4,20.5,12.2,8.2,47,91,69,0,0
COLLINGWOOD,6111792.2022.10.12,10/12/2022,2022,10,12,12.5,21.7,17.1,12.2,50,92,71,6.6,0
COLLINGWOOD,6111792.2022.10.13,10/13/2022,2022,10,13,4.3,15.9,10.1,17.1,61,95,78,1,6.6
COLLINGWOOD,6111792.2022.10.14,10/14/2022,2022,10,14,4.1,13.6,8.9,10.1,29,88,58.5,0,1
COLLINGWOOD,6111792.2022.10.15,10/15/2022,2022,10,15,5.2,11.5,8.4,8.9,55,81,68,2.5,0
COLLINGWOOD,6111792.2022.10.16,10/16/2022,2022,10,16,6.7,13.4,10.1,8.4,52,83,67.5,0,2.5
COLLINGWOOD,6111792.2022.10.17,10/17/2022,2022,10,17,2.8,11.6,7.2,10.1,60,92,76,0.9,0
COLLINGWOOD,6111792.2022.10.18,10/18/2022,2022,10,18,1.4,9.2,5.3,7.2,64,95,79.5,2.1,0.9
COLLINGWOOD,6111792.2022.10.19,10/19/2022,2022,10,19,2.6,9.1,5.8,5.3,72,96,84,7.3,2.1
COLLINGWOOD,6111792.2022.10.20,10/20/2022,2022,10,20,2.7,8.4,5.6,5.8,64,88,76,0.2,7.3
COLLINGWOOD,6111792.2022.10.21,10/21/2022,2022,10,21,1.7,19.4,10.5,5.6,39,86,62.5,0,0.2
COLLINGWOOD,6111792.2022.10.22,10/22/2022,2022,10,22,14.2,24.6,19.4,10.5,35,63,49,0,0
COLLINGWOOD,6111792.2022.10.23,10/23/2022,2022,10,23,8.5,25.3,16.9,19.4,41,78,59.5,0,0
COLLINGWOOD,6111792.2022.10.24,10/24/2022,2022,10,24,7,23.6,15.3,16.9,34,82,58,0,0
COLLINGWOOD,6111792.2022.10.25,10/25/2022,2022,10,25,10,20.3,15.1,15.3,60,90,75,0,0
COLLINGWOOD,6111792.2022.10.26,10/26/2022,2022,10,26,7.1,16.9,12,15.1,70,92,81,0.8,0
COLLINGWOOD,6111792.2022.10.27,10/27/2022,2022,10,27,0.2,9.9,5.1,12,58,92,75,0.5,0.8
COLLINGWOOD,6111792.2022.10.28,10/28/2022,2022,10,28,-0.9,13.1,6.1,5.1,47,94,70.5,0,0.5
COLLINGWOOD,6111792.2022.10.29,10/29/2022,2022,10,29,-0.6,14.4,6.9,6.1,49,90,69.5,0,0
COLLINGWOOD,6111792.2022.10.30,10/30/2022,2022,10,30,3,14.9,8.9,6.9,59,92,75.5,0,0
COLLINGWOOD,6111792.2022.10.31,10/31/2022,2022,10,31,7.6,12.5,10.1,8.9,71,95,83,0,0
COLLINGWOOD,6111792.2022.11.1,11/1/2022,2022,11,1,5.3,14.1,9.7,10.1,80,98,89,0.2,0
COLLINGWOOD,6111792.2022.11.2,11/2/2022,2022,11,2,3.8,19.7,11.7,9.7,51,96,73.5,0,0.2
COLLINGWOOD,6111792.2022.11.3,11/3/2022,2022,11,3,5.5,20.7,13.1,11.7,43,93,68,0,0
COLLINGWOOD,6111792.2022.11.4,11/4/2022,2022,11,4,14.2,23.4,18.8,13.1,46,73,59.5,0,0
COLLINGWOOD,6111792.2022.11.5,11/5/2022,2022,11,5,17.5,24.6,21,18.8,45,80,62.5,3.8,0
COLLINGWOOD,6111792.2022.11.6,11/6/2022,2022,11,6,10.9,17.9,14.4,21,36,70,53,0,3.8
COLLINGWOOD,6111792.2022.11.7,11/7/2022,2022,11,7,6.2,13.3,9.7,14.4,40,73,56.5,0,0
COLLINGWOOD,6111792.2022.11.8,11/8/2022,2022,11,8,-0.3,8.1,3.9,9.7,53,78,65.5,0,0
COLLINGWOOD,6111792.2022.11.9,11/9/2022,2022,11,9,2,18.5,10.2,3.9,23,76,49.5,0,0
COLLINGWOOD,6111792.2022.11.10,11/10/2022,2022,11,10,14.4,24.2,19.3,10.2,28,46,37,0,0
COLLINGWOOD,6111792.2022.11.11,11/11/2022,2022,11,11,9.6,17.8,13.7,19.3,49,96,72.5,0.3,0
COLLINGWOOD,6111792.2022.11.12,11/12/2022,2022,11,12,2.5,9.6,6.1,13.7,63,93,78,5.2,0.3
COLLINGWOOD,6111792.2022.11.13,11/13/2022,2022,11,13,-1.3,3.1,0.9,6.1,68,94,81,12.9,5.2
COLLINGWOOD,6111792.2022.11.14,11/14/2022,2022,11,14,-1.3,2.4,0.5,0.9,58,79,68.5,0.4,12.9
COLLINGWOOD,6111792.2022.11.15,11/15/2022,2022,11,15,-3,1.2,-0.9,0.5,60,86,73,1,0.4
COLLINGWOOD,6111792.2022.11.16,11/16/2022,2022,11,16,-2.1,2,-0.1,-0.9,69,93,81,5.7,1
COLLINGWOOD,6111792.2022.11.17,11/17/2022,2022,11,17,-3.5,0.5,-1.5,-0.1,61,96,78.5,9,5.7
COLLINGWOOD,6111792.2022.11.18,11/18/2022,2022,11,18,-1.7,2.2,0.3,-1.5,62,92,77,1.7,9
COLLINGWOOD,6111792.2022.11.19,11/19/2022,2022,11,19,-4.3,-0.8,-2.6,0.3,63,87,75,0.7,1.7
COLLINGWOOD,6111792.2022.11.20,11/20/2022,2022,11,20,-6.6,-3.5,-5,-2.6,62,92,77,6.9,0.7
COLLINGWOOD,6111792.2022.11.21,11/21/2022,2022,11,21,-4.6,5.8,0.6,-5,47,74,60.5,0,6.9
COLLINGWOOD,6111792.2022.11.22,11/22/2022,2022,11,22,-3.4,4.4,0.5,0.6,56,79,67.5,0,0
COLLINGWOOD,6111792.2022.11.23,11/23/2022,2022,11,23,-1.9,8.1,3.1,0.5,58,89,73.5,0,0
COLLINGWOOD,6111792.2022.11.24,11/24/2022,2022,11,24,-1.1,13.5,6.2,3.1,42,87,64.5,0,0
COLLINGWOOD,6111792.2022.11.25,11/25/2022,2022,11,25,3.2,8.1,5.6,6.2,71,88,79.5,0.2,0
COLLINGWOOD,6111792.2022.11.26,11/26/2022,2022,11,26,1.6,14.5,8,5.6,30,81,55.5,0,0.2
COLLINGWOOD,6111792.2022.11.27,11/27/2022,2022,11,27,3.4,8.7,6,8,44,95,69.5,20.3,0
COLLINGWOOD,6111792.2022.11.28,11/28/2022,2022,11,28,-1.9,3.6,0.9,6,67,85,76,0.2,20.3
COLLINGWOOD,6111792.2022.11.29,11/29/2022,2022,11,29,-0.7,5.7,2.5,0.9,67,77,72,0,0.2
COLLINGWOOD,6111792.2022.11.30,11/30/2022,2022,11,30,-2.9,9.9,3.5,2.5,65,92,78.5,4.9,0
COLLINGWOOD,6111792.2022.12.1,12/1/2022,2022,12,1,-2.7,2.8,0.1,3.5,63,86,74.5,0.5,4.9
COLLINGWOOD,6111792.2022.12.2,12/2/2022,2022,12,2,-3.3,8.4,2.6,0.1,43,79,61,0,0.5
COLLINGWOOD,6111792.2022.12.3,12/3/2022,2022,12,3,-0.8,10.6,4.9,2.6,53,87,70,5.2,0
COLLINGWOOD,6111792.2022.12.4,12/4/2022,2022,12,4,-2.1,3,0.4,4.9,51,70,60.5,0,5.2
COLLINGWOOD,6111792.2022.12.5,12/5/2022,2022,12,5,-0.7,6.9,3.1,0.4,36,68,52,0.2,0
COLLINGWOOD,6111792.2022.12.6,12/6/2022,2022,12,6,3,5.5,4.3,3.1,54,96,75,0.2,0.2
COLLINGWOOD,6111792.2022.12.7,12/7/2022,2022,12,7,?,?,?,4.3,?,?,?,?,0.2
COLLINGWOOD,6111792.2022.12.8,12/8/2022,2022,12,8,-0.7,4.1,1.7,?,76,87,81.5,0.2,?
COLLINGWOOD,6111792.2022.12.9,12/9/2022,2022,12,9,-3.8,-0.4,-2.1,1.7,58,82,70,0,0.2
COLLINGWOOD,6111792.2022.12.10,12/10/2022,2022,12,10,-7.4,-0.4,-3.9,-2.1,53,81,67,0,0
COLLINGWOOD,6111792.2022.12.11,12/11/2022,2022,12,11,-4.6,0,-2.3,-3.9,72,91,81.5,2.9,0
COLLINGWOOD,6111792.2022.12.12,12/12/2022,2022,12,12,-9.3,-1.7,-5.5,-2.3,74,91,82.5,0,2.9
COLLINGWOOD,6111792.2022.12.13,12/13/2022,2022,12,13,-11.4,-0.1,-5.7,-5.5,72,90,81,0,0
COLLINGWOOD,6111792.2022.12.14,12/14/2022,2022,12,14,-8.8,-2.2,-5.5,-5.7,59,91,75,0,0
COLLINGWOOD,6111792.2022.12.15,12/15/2022,2022,12,15,-5.3,1.9,-1.7,-5.5,76,95,85.5,9.1,0
COLLINGWOOD,6111792.2022.12.16,12/16/2022,2022,12,16,0.1,6.4,3.2,-1.7,56,95,75.5,0.4,9.1
COLLINGWOOD,6111792.2022.12.17,12/17/2022,2022,12,17,-1.5,2,0.3,3.2,64,82,73,0,0.4
COLLINGWOOD,6111792.2022.12.18,12/18/2022,2022,12,18,-1.5,2.5,0.5,0.3,64,93,78.5,1.7,0
COLLINGWOOD,6111792.2022.12.19,12/19/2022,2022,12,19,-2.2,-0.3,-1.3,0.5,67,83,75,0.5,1.7
COLLINGWOOD,6111792.2022.12.20,12/20/2022,2022,12,20,-3.6,0.7,-1.5,-1.3,65,84,74.5,0,0.5
COLLINGWOOD,6111792.2022.12.21,12/21/2022,2022,12,21,-6.8,-0.2,-3.5,-1.5,52,78,65,0,0
COLLINGWOOD,6111792.2022.12.22,12/22/2022,2022,12,22,-5.5,3.4,-1,-3.5,64,94,79,0.2,0
COLLINGWOOD,6111792.2022.12.23,12/23/2022,2022,12,23,-9.4,2,-3.7,-1,73,96,84.5,6.4,0.2
COLLINGWOOD,6111792.2022.12.24,12/24/2022,2022,12,24,-10,-5.6,-7.8,-3.7,73,92,82.5,9.4,6.4
COLLINGWOOD,6111792.2022.12.25,12/25/2022,2022,12,25,-6.7,-1.5,-4.1,-7.8,59,84,71.5,0.7,9.4
COLLINGWOOD,6111792.2022.12.26,12/26/2022,2022,12,26,-6.1,-2.8,-4.4,-4.1,66,81,73.5,0,0.7
COLLINGWOOD,6111792.2022.12.27,12/27/2022,2022,12,27,-5.5,-1.8,-3.7,-4.4,65,83,74,0.4,0
COLLINGWOOD,6111792.2022.12.28,12/28/2022,2022,12,28,-2.9,6.6,1.9,-3.7,54,79,66.5,0,0.4
COLLINGWOOD,6111792.2022.12.29,12/29/2022,2022,12,29,5.8,9.8,7.8,1.9,54,90,72,0,0
COLLINGWOOD,6111792.2022.12.30,12/30/2022,2022,12,30,4.2,13,8.6,7.8,79,97,88,4.6,0
COLLINGWOOD,6111792.2022.12.31,12/31/2022,2022,12,31,2.7,4.8,3.7,8.6,82,98,90,10.2,4.6
COLLINGWOOD,6111792.2023.1.1,1/1/2023,2023,1,1,1.8,4.7,3.3,3.7,73,93,83,0.4,10.2
COLLINGWOOD,6111792.2023.1.2,1/2/2023,2023,1,2,-0.5,4.7,2.1,3.3,65,87,76,0,0.4
COLLINGWOOD,6111792.2023.1.3,1/3/2023,2023,1,3,-0.4,3.6,1.6,2.1,80,96,88,2.8,0
COLLINGWOOD,6111792.2023.1.4,1/4/2023,2023,1,4,1.7,2.8,2.3,1.6,93,96,94.5,20.1,2.8
COLLINGWOOD,6111792.2023.1.5,1/5/2023,2023,1,5,1.4,4.1,2.7,2.3,77,96,86.5,0.2,20.1
COLLINGWOOD,6111792.2023.1.6,1/6/2023,2023,1,6,0.7,3.2,1.9,2.7,82,96,89,3.4,0.2
COLLINGWOOD,6111792.2023.1.7,1/7/2023,2023,1,7,-6.8,0.9,-3,1.9,71,95,83,1.2,3.4
COLLINGWOOD,6111792.2023.1.8,1/8/2023,2023,1,8,-6.9,-0.9,-3.9,-3,74,89,81.5,0.3,1.2
COLLINGWOOD,6111792.2023.1.9,1/9/2023,2023,1,9,-2.9,1.2,-0.8,-3.9,77,94,85.5,0.8,0.3
COLLINGWOOD,6111792.2023.1.10,1/10/2023,2023,1,10,-6,0.1,-2.9,-0.8,70,80,75,0,0.8
COLLINGWOOD,6111792.2023.1.11,1/11/2023,2023,1,11,-6.9,-0.5,-3.7,-2.9,74,95,84.5,0.6,0
COLLINGWOOD,6111792.2023.1.12,1/12/2023,2023,1,12,-1.5,1.9,0.2,-3.7,82,95,88.5,3.6,0.6
COLLINGWOOD,6111792.2023.1.13,1/13/2023,2023,1,13,-8.9,-1.2,-5,0.2,72,83,77.5,0,3.6
COLLINGWOOD,6111792.2023.1.14,1/14/2023,2023,1,14,-10.7,-4.1,-7.4,-5,73,89,81,0.2,0
COLLINGWOOD,6111792.2023.1.15,1/15/2023,2023,1,15,-12.1,2.3,-4.9,-7.4,35,91,63,0,0.2
COLLINGWOOD,6111792.2023.1.16,1/16/2023,2023,1,16,-5.3,4.8,-0.3,-4.9,48,87,67.5,0.2,0
COLLINGWOOD,6111792.2023.1.17,1/17/2023,2023,1,17,0.1,5.8,3,-0.3,75,95,85,2.8,0.2
COLLINGWOOD,6111792.2023.1.18,1/18/2023,2023,1,18,-0.7,4.1,1.7,3,80,91,85.5,0,2.8
COLLINGWOOD,6111792.2023.1.19,1/19/2023,2023,1,19,-1.5,1,-0.2,1.7,72,95,83.5,1.4,0
COLLINGWOOD,6111792.2023.1.20,1/20/2023,2023,1,20,-2.4,0.1,-1.2,-0.2,84,96,90,2.7,1.4
COLLINGWOOD,6111792.2023.1.21,1/21/2023,2023,1,21,-3.1,0.4,-1.4,-1.2,74,92,83,0.2,2.7
COLLINGWOOD,6111792.2023.1.22,1/22/2023,2023,1,22,-2.7,0.5,-1.1,-1.4,74,96,85,2.1,0.2
COLLINGWOOD,6111792.2023.1.23,1/23/2023,2023,1,23,-2.1,1.7,-0.2,-1.1,69,95,82,0,2.1
COLLINGWOOD,6111792.2023.1.24,1/24/2023,2023,1,24,-0.9,1.9,0.5,-0.2,61,86,73.5,1,0
COLLINGWOOD,6111792.2023.1.25,1/25/2023,2023,1,25,-3,0.6,-1.2,0.5,75,96,85.5,11.3,1
COLLINGWOOD,6111792.2023.1.26,1/26/2023,2023,1,26,-4.3,-1.6,-3,-1.2,76,91,83.5,1.5,11.3
COLLINGWOOD,6111792.2023.1.27,1/27/2023,2023,1,27,-4,2.7,-0.6,-3,51,92,71.5,0.4,1.5
COLLINGWOOD,6111792.2023.1.28,1/28/2023,2023,1,28,-4.2,1.8,-1.2,-0.6,52,90,71,0.6,0.4
COLLINGWOOD,6111792.2023.1.29,1/29/2023,2023,1,29,-7.1,-3.1,-5.1,-1.2,70,93,81.5,10.9,0.6
COLLINGWOOD,6111792.2023.1.30,1/30/2023,2023,1,30,-9.4,0,-4.7,-5.1,60,82,71,0.8,10.9
COLLINGWOOD,6111792.2023.1.31,1/31/2023,2023,1,31,-12.6,-3,-7.8,-4.7,42,84,63,0.6,0.8
COLLINGWOOD,6111792.2023.2.1,2/1/2023,2023,2,1,-12.7,-1.4,-7,-7.8,52,76,64,0,0.6
COLLINGWOOD,6111792.2023.2.2,2/2/2023,2023,2,2,-10.3,2.2,-4,-7,54,94,74,1,0
COLLINGWOOD,6111792.2023.2.3,2/3/2023,2023,2,3,-23.6,-9.7,-16.7,-4,66,85,75.5,4.5,1
COLLINGWOOD,6111792.2023.2.4,2/4/2023,2023,2,4,-23.8,-0.7,-12.2,-16.7,78,94,86,0,4.5
COLLINGWOOD,6111792.2023.2.5,2/5/2023,2023,2,5,-2,7.5,2.8,-12.2,54,88,71,0,0
COLLINGWOOD,6111792.2023.2.6,2/6/2023,2023,2,6,-7.1,0.1,-3.5,2.8,67,94,80.5,0,0
COLLINGWOOD,6111792.2023.2.7,2/7/2023,2023,2,7,-3.3,8.5,2.6,-3.5,64,90,77,1.8,0
COLLINGWOOD,6111792.2023.2.8,2/8/2023,2023,2,8,-0.2,8.2,4,2.6,44,79,61.5,0,1.8
COLLINGWOOD,6111792.2023.2.9,2/9/2023,2023,2,9,-0.9,7.2,3.2,4,78,95,86.5,16.1,0
COLLINGWOOD,6111792.2023.2.10,2/10/2023,2023,2,10,-4.9,3.7,-0.6,3.2,66,92,79,1.8,16.1
COLLINGWOOD,6111792.2023.2.11,2/11/2023,2023,2,11,-6.7,3.4,-1.6,-0.6,45,81,63,0,1.8
COLLINGWOOD,6111792.2023.2.12,2/12/2023,2023,2,12,-0.8,9.2,4.2,-1.6,42,83,62.5,0,0
COLLINGWOOD,6111792.2023.2.13,2/13/2023,2023,2,13,-1.4,7.6,3.1,4.2,49,82,65.5,0.3,0
COLLINGWOOD,6111792.2023.2.14,2/14/2023,2023,2,14,-0.5,11.2,5.3,3.1,27,81,54,0,0.3
COLLINGWOOD,6111792.2023.2.15,2/15/2023,2023,2,15,1.7,14.6,8.2,5.3,55,85,70,0,0
COLLINGWOOD,6111792.2023.2.16,2/16/2023,2023,2,16,-2.9,1.7,-0.6,8.2,76,94,85,7.4,0
COLLINGWOOD,6111792.2023.2.17,2/17/2023,2023,2,17,-10.9,-2.7,-6.8,-0.6,71,93,82,4,7.4
COLLINGWOOD,6111792.2023.2.18,2/18/2023,2023,2,18,-9.4,2.5,-3.4,-6.8,66,82,74,0,4
COLLINGWOOD,6111792.2023.2.19,2/19/2023,2023,2,19,-3.1,9.3,3.1,-3.4,44,85,64.5,0,0
COLLINGWOOD,6111792.2023.2.20,2/20/2023,2023,2,20,-5.3,5,-0.2,3.1,62,87,74.5,0,0
COLLINGWOOD,6111792.2023.2.21,2/21/2023,2023,2,21,-5.3,5.1,-0.1,-0.2,55,86,70.5,0.4,0
COLLINGWOOD,6111792.2023.2.22,2/22/2023,2023,2,22,-9,-2.2,-5.6,-0.1,64,88,76,13,0.4
COLLINGWOOD,6111792.2023.2.23,2/23/2023,2023,2,23,-9,-4.5,-6.7,-5.6,75,94,84.5,4,13
COLLINGWOOD,6111792.2023.2.24,2/24/2023,2023,2,24,-12,-5.4,-8.7,-6.7,55,86,70.5,0.2,4
COLLINGWOOD,6111792.2023.2.25,2/25/2023,2023,2,25,-10.7,-1.6,-6.1,-8.7,64,84,74,0.7,0.2
COLLINGWOOD,6111792.2023.2.26,2/26/2023,2023,2,26,-3.5,2.4,-0.6,-6.1,53,82,67.5,0,0.7
COLLINGWOOD,6111792.2023.2.27,2/27/2023,2023,2,27,-9.3,-2,-5.6,-0.6,51,90,70.5,4.5,0
COLLINGWOOD,6111792.2023.2.28,2/28/2023,2023,2,28,-4.2,1.7,-1.3,-5.6,69,93,81,3.8,4.5
COLLINGWOOD,6111792.2023.3.1,3/1/2023,2023,3,1,-1.9,4.9,1.5,-1.3,52,87,69.5,0,3.8
COLLINGWOOD,6111792.2023.3.2,3/2/2023,2023,3,2,-4.3,1.5,-1.4,1.5,79,87,83,0,0
COLLINGWOOD,6111792.2023.3.3,3/3/2023,2023,3,3,-8.3,1.6,-3.3,-1.4,44,96,70,16.7,0
COLLINGWOOD,6111792.2023.3.4,3/4/2023,2023,3,4,-1.7,3.2,0.8,-3.3,61,95,78,1,16.7
COLLINGWOOD,6111792.2023.3.5,3/5/2023,2023,3,5,-2.1,6.9,2.4,0.8,56,96,76,1.7,1
COLLINGWOOD,6111792.2023.3.6,3/6/2023,2023,3,6,-3.2,3.9,0.4,2.4,57,95,76,0,1.7
COLLINGWOOD,6111792.2023.3.7,3/7/2023,2023,3,7,-2.9,1.7,-0.6,0.4,51,64,57.5,0,0
COLLINGWOOD,6111792.2023.3.8,3/8/2023,2023,3,8,-2.6,1,-0.8,-0.6,58,77,67.5,0,0
COLLINGWOOD,6111792.2023.3.9,3/9/2023,2023,3,9,-2.8,-0.2,-1.5,-0.8,60,86,73,0,0
COLLINGWOOD,6111792.2023.3.10,3/10/2023,2023,3,10,-3.3,2.4,-0.4,-1.5,64,93,78.5,1.5,0
COLLINGWOOD,6111792.2023.3.11,3/11/2023,2023,3,11,-9.7,-1.7,-5.7,-0.4,68,87,77.5,0.2,1.5
COLLINGWOOD,6111792.2023.3.12,3/12/2023,2023,3,12,-11.1,-0.2,-5.7,-5.7,59,93,76,2.1,0.2
COLLINGWOOD,6111792.2023.3.13,3/13/2023,2023,3,13,-3.9,-1,-2.4,-5.7,79,94,86.5,0.9,2.1
COLLINGWOOD,6111792.2023.3.14,3/14/2023,2023,3,14,-6.2,-0.6,-3.4,-2.4,56,88,72,0,0.9
COLLINGWOOD,6111792.2023.3.15,3/15/2023,2023,3,15,-3.7,4.3,0.3,-3.4,39,68,53.5,0,0
COLLINGWOOD,6111792.2023.3.16,3/16/2023,2023,3,16,2.7,13.4,8.1,0.3,30,93,61.5,3.2,0
COLLINGWOOD,6111792.2023.3.17,3/17/2023,2023,3,17,-0.2,8.2,4,8.1,58,94,76,1.5,3.2
COLLINGWOOD,6111792.2023.3.18,3/18/2023,2023,3,18,-7.9,0.4,-3.7,4,51,88,69.5,2.4,1.5
COLLINGWOOD,6111792.2023.3.19,3/19/2023,2023,3,19,-10.1,2,-4,-3.7,48,78,63,0,2.4
COLLINGWOOD,6111792.2023.3.20,3/20/2023,2023,3,20,-1,7.2,3.1,-4,40,67,53.5,0,0
COLLINGWOOD,6111792.2023.3.21,3/21/2023,2023,3,21,-1.2,3.4,1.1,3.1,72,90,81,0,0
COLLINGWOOD,6111792.2023.3.22,3/22/2023,2023,3,22,-0.9,7.2,3.2,1.1,62,88,75,0,0
COLLINGWOOD,6111792.2023.3.23,3/23/2023,2023,3,23,-1.1,7.7,3.3,3.2,66,95,80.5,0,0
COLLINGWOOD,6111792.2023.3.24,3/24/2023,2023,3,24,-2.7,0.8,-1,3.3,66,80,73,0,0
COLLINGWOOD,6111792.2023.3.25,3/25/2023,2023,3,25,-2.3,6.4,2,-1,66,94,80,11.9,0
COLLINGWOOD,6111792.2023.3.26,3/26/2023,2023,3,26,0.5,9.9,5.2,2,36,83,59.5,0,11.9
COLLINGWOOD,6111792.2023.3.27,3/27/2023,2023,3,27,1,6.8,3.9,5.2,67,86,76.5,0,0
COLLINGWOOD,6111792.2023.3.28,3/28/2023,2023,3,28,0.1,7.4,3.7,3.9,42,84,63,0,0
COLLINGWOOD,6111792.2023.3.29,3/29/2023,2023,3,29,-4.3,7.5,1.6,3.7,42,94,68,1.4,0
COLLINGWOOD,6111792.2023.3.30,3/30/2023,2023,3,30,-5.6,4.8,-0.4,1.6,37,69,53,0,1.4
COLLINGWOOD,6111792.2023.3.31,3/31/2023,2023,3,31,-0.4,3.3,1.4,-0.4,68,96,82,8.4,0
COLLINGWOOD,6111792.2023.4.1,4/1/2023,2023,4,1,-2.1,12.9,5.4,1.4,49,96,72.5,8.7,8.4
COLLINGWOOD,6111792.2023.4.2,4/2/2023,2023,4,2,-4.2,6.9,1.3,5.4,34,61,47.5,0,8.7
COLLINGWOOD,6111792.2023.4.3,4/3/2023,2023,4,3,3.1,13.6,8.3,1.3,33,73,53,0,0
COLLINGWOOD,6111792.2023.4.4,4/4/2023,2023,4,4,2.8,7.7,5.2,8.3,60,89,74.5,0,0
COLLINGWOOD,6111792.2023.4.5,4/5/2023,2023,4,5,1.9,16.6,9.2,5.2,50,94,72,37.9,0
COLLINGWOOD,6111792.2023.4.6,4/6/2023,2023,4,6,1.2,11.4,6.3,9.2,42,82,62,0,37.9
COLLINGWOOD,6111792.2023.4.7,4/7/2023,2023,4,7,-2.7,1.9,-0.4,6.3,56,73,64.5,0,0
COLLINGWOOD,6111792.2023.4.8,4/8/2023,2023,4,8,-5.2,7.1,1,-0.4,31,93,62,0,0
COLLINGWOOD,6111792.2023.4.9,4/9/2023,2023,4,9,-4.2,8.7,2.3,1,45,93,69,0,0
COLLINGWOOD,6111792.2023.4.10,4/10/2023,2023,4,10,6.2,20.7,13.5,2.3,25,58,41.5,0,0
COLLINGWOOD,6111792.2023.4.11,4/11/2023,2023,4,11,10.9,21.9,16.4,13.5,28,66,47,0,0
COLLINGWOOD,6111792.2023.4.12,4/12/2023,2023,4,12,9.5,27.2,18.3,16.4,32,73,52.5,0.2,0
COLLINGWOOD,6111792.2023.4.13,4/13/2023,2023,4,13,13,25.9,19.5,18.3,34,83,58.5,0,0.2
COLLINGWOOD,6111792.2023.4.14,4/14/2023,2023,4,14,7.4,20.9,14.1,19.5,32,88,60,0,0
COLLINGWOOD,6111792.2023.4.15,4/15/2023,2023,4,15,7.6,19.8,13.7,14.1,49,94,71.5,0,0
COLLINGWOOD,6111792.2023.4.16,4/16/2023,2023,4,16,9.1,28.5,18.8,13.7,30,88,59,8.6,0
COLLINGWOOD,6111792.2023.4.17,4/17/2023,2023,4,17,3.1,10.8,7,18.8,51,85,68,1.1,8.6
COLLINGWOOD,6111792.2023.4.18,4/18/2023,2023,4,18,0.4,4.7,2.6,7,64,89,76.5,0.7,1.1
COLLINGWOOD,6111792.2023.4.19,4/19/2023,2023,4,19,-0.2,4.6,2.2,2.6,62,93,77.5,3.4,0.7
COLLINGWOOD,6111792.2023.4.20,4/20/2023,2023,4,20,1.2,14.1,7.6,2.2,46,93,69.5,0.3,3.4
COLLINGWOOD,6111792.2023.4.21,4/21/2023,2023,4,21,4.9,19.4,12.1,7.6,46,96,71,3.7,0.3
COLLINGWOOD,6111792.2023.4.22,4/22/2023,2023,4,22,3.3,7.2,5.2,12.1,87,96,91.5,20.3,3.7
COLLINGWOOD,6111792.2023.4.23,4/23/2023,2023,4,23,2.9,8.7,5.8,5.2,61,93,77,1.3,20.3
COLLINGWOOD,6111792.2023.4.24,4/24/2023,2023,4,24,2.4,5.5,3.9,5.8,69,92,80.5,0.8,1.3
COLLINGWOOD,6111792.2023.4.25,4/25/2023,2023,4,25,2.3,8.8,5.5,3.9,59,89,74,0,0.8
COLLINGWOOD,6111792.2023.4.26,4/26/2023,2023,4,26,-1.1,6.6,2.8,5.5,75,94,84.5,0,0
COLLINGWOOD,6111792.2023.4.27,4/27/2023,2023,4,27,-1.5,15.8,7.2,2.8,35,95,65,0.2,0
COLLINGWOOD,6111792.2023.4.28,4/28/2023,2023,4,28,?,?,?,7.2,?,?,?,?,0.2
COLLINGWOOD,6111792.2023.4.29,4/29/2023,2023,4,29,7.1,10.9,9,?,86,93,89.5,4.1,?
COLLINGWOOD,6111792.2023.4.30,4/30/2023,2023,4,30,5.4,11.9,8.6,9,79,96,87.5,8.4,4.1
COLLINGWOOD,6111792.2023.5.1,5/1/2023,2023,5,1,5.3,11,8.2,8.6,53,83,68,0,8.4
COLLINGWOOD,6111792.2023.5.2,5/2/2023,2023,5,2,3.3,7.4,5.4,8.2,66,93,79.5,4.3,0
COLLINGWOOD,6111792.2023.5.3,5/3/2023,2023,5,3,4.4,7.6,6,5.4,88,96,92,7.8,4.3
COLLINGWOOD,6111792.2023.5.4,5/4/2023,2023,5,4,5.3,9.4,7.3,6,80,96,88,0.7,7.8
COLLINGWOOD,6111792.2023.5.5,5/5/2023,2023,5,5,4.8,16.1,10.5,7.3,54,96,75,0,0.7
COLLINGWOOD,6111792.2023.5.6,5/6/2023,2023,5,6,4.8,14.6,9.7,10.5,52,92,72,0,0
COLLINGWOOD,6111792.2023.5.7,5/7/2023,2023,5,7,7.5,12.8,10.1,9.7,62,96,79,5.3,0
COLLINGWOOD,6111792.2023.5.8,5/8/2023,2023,5,8,6.7,11.6,9.2,10.1,35,91,63,0,5.3
COLLINGWOOD,6111792.2023.5.9,5/9/2023,2023,5,9,3.1,13.2,8.1,9.2,44,84,64,0,0
COLLINGWOOD,6111792.2023.5.10,5/10/2023,2023,5,10,3,16.1,9.5,8.1,38,82,60,0,0
COLLINGWOOD,6111792.2023.5.11,5/11/2023,2023,5,11,8.9,19.9,14.4,9.5,43,81,62,0,0
COLLINGWOOD,6111792.2023.5.12,5/12/2023,2023,5,12,11.1,20,15.6,14.4,40,88,64,0,0
COLLINGWOOD,6111792.2023.5.13,5/13/2023,2023,5,13,9.3,17.5,13.4,15.6,50,93,71.5,0,0
COLLINGWOOD,6111792.2023.5.14,5/14/2023,2023,5,14,3.8,14.2,9,13.4,27,82,54.5,0,0
COLLINGWOOD,6111792.2023.5.15,5/15/2023,2023,5,15,3.1,20.7,11.9,9,19,77,48,0,0
COLLINGWOOD,6111792.2023.5.16,5/16/2023,2023,5,16,3.5,21.4,12.5,11.9,29,77,53,0,0
COLLINGWOOD,6111792.2023.5.17,5/17/2023,2023,5,17,-0.5,6.2,2.9,12.5,57,78,67.5,0,0
COLLINGWOOD,6111792.2023.5.18,5/18/2023,2023,5,18,-1.3,15.3,7,2.9,33,87,60,0,0
COLLINGWOOD,6111792.2023.5.19,5/19/2023,2023,5,19,5.8,26,15.9,7,31,97,64,23.5,0
COLLINGWOOD,6111792.2023.5.20,5/20/2023,2023,5,20,10,15.9,13,15.9,60,97,78.5,3.3,23.5
COLLINGWOOD,6111792.2023.5.21,5/21/2023,2023,5,21,8,16.4,12.2,13,54,87,70.5,0,3.3
COLLINGWOOD,6111792.2023.5.22,5/22/2023,2023,5,22,6,20,13,12.2,38,89,63.5,0,0
COLLINGWOOD,6111792.2023.5.23,5/23/2023,2023,5,23,10.4,25.2,17.8,13,31,72,51.5,0,0
COLLINGWOOD,6111792.2023.5.24,5/24/2023,2023,5,24,6.2,13.4,9.8,17.8,61,94,77.5,0,0
COLLINGWOOD,6111792.2023.5.25,5/25/2023,2023,5,25,3.8,12.6,8.2,9.8,36,89,62.5,0,0
COLLINGWOOD,6111792.2023.5.26,5/26/2023,2023,5,26,2.6,16.4,9.5,8.2,39,90,64.5,0,0
COLLINGWOOD,6111792.2023.5.27,5/27/2023,2023,5,27,5.8,18.9,12.3,9.5,37,92,64.5,0,0
COLLINGWOOD,6111792.2023.5.28,5/28/2023,2023,5,28,8,20.5,14.2,12.3,35,91,63,0,0
COLLINGWOOD,6111792.2023.5.29,5/29/2023,2023,5,29,8.3,24.4,16.3,14.2,46,87,66.5,0,0
COLLINGWOOD,6111792.2023.5.30,5/30/2023,2023,5,30,12.2,28.7,20.4,16.3,29,85,57,0,0
COLLINGWOOD,6111792.2023.5.31,5/31/2023,2023,5,31,16.7,26.8,21.8,20.4,44,73,58.5,0,0
COLLINGWOOD,6111792.2023.6.1,6/1/2023,2023,6,1,15.8,25.5,20.6,21.8,43,84,63.5,0,0
COLLINGWOOD,6111792.2023.6.2,6/2/2023,2023,6,2,14.8,24.2,19.5,20.6,62,81,71.5,0,0
COLLINGWOOD,6111792.2023.6.3,6/3/2023,2023,6,3,12,23.4,17.7,19.5,46,91,68.5,0,0
COLLINGWOOD,6111792.2023.6.4,6/4/2023,2023,6,4,8.8,20.3,14.5,17.7,39,78,58.5,0,0
COLLINGWOOD,6111792.2023.6.5,6/5/2023,2023,6,5,11.9,21.5,16.7,14.5,50,87,68.5,0,0
COLLINGWOOD,6111792.2023.6.6,6/6/2023,2023,6,6,13.8,17.8,15.8,16.7,52,75,63.5,0,0
COLLINGWOOD,6111792.2023.6.7,6/7/2023,2023,6,7,12.1,18.2,15.1,15.8,37,76,56.5,0,0
COLLINGWOOD,6111792.2023.6.8,6/8/2023,2023,6,8,12.9,17,14.9,15.1,71,82,76.5,0,0
COLLINGWOOD,6111792.2023.6.9,6/9/2023,2023,6,9,11.6,19.7,15.7,14.9,50,93,71.5,4.5,0
COLLINGWOOD,6111792.2023.6.10,6/10/2023,2023,6,10,15,24.3,19.6,15.7,37,72,54.5,0,4.5
COLLINGWOOD,6111792.2023.6.11,6/11/2023,2023,6,11,12.2,16.3,14.2,19.6,70,96,83,5,0
COLLINGWOOD,6111792.2023.6.12,6/12/2023,2023,6,12,12.5,16.7,14.6,14.2,81,97,89,34.8,5
COLLINGWOOD,6111792.2023.6.13,6/13/2023,2023,6,13,10.4,19.4,14.9,14.6,48,91,69.5,0,34.8
COLLINGWOOD,6111792.2023.6.14,6/14/2023,2023,6,14,10.1,18.2,14.2,14.9,58,93,75.5,0,0
COLLINGWOOD,6111792.2023.6.15,6/15/2023,2023,6,15,11.3,18.1,14.7,14.2,77,90,83.5,0,0
COLLINGWOOD,6111792.2023.6.16,6/16/2023,2023,6,16,13.3,18.7,16,14.7,65,94,79.5,14,0
COLLINGWOOD,6111792.2023.6.17,6/17/2023,2023,6,17,11,21.3,16.1,16,39,90,64.5,169.1,14
